_c0,_c1,Hormone
Addissons Disease,mayCauseUnderProductionOf,20alpha-Hydroxyprogesterone
Addissons Disease,mayCauseUnderProductionOf,Aldosterone
Addissons Disease,mayCauseUnderProductionOf,Allotetrahydrocorticosterone
Addissons Disease,mayCauseUnderProductionOf,"4,5beta-Dihydrocortisone"
Addissons Disease,mayCauseUnderProductionOf,beta-cortol
Addissons Disease,mayCauseUnderProductionOf,5beta-dihydrodeoxycorticosterone
Addissons Disease,mayCauseUnderProductionOf,17-hydroxyprogesterone
Addissons Disease,mayCauseUnderProductionOf,Pregnenolone
Addissons Disease,mayCauseUnderProductionOf,"5beta-pregnane-3,20-dione"
Addissons Disease,mayCauseUnderProductionOf,21-deoxycortisol
Addissons Disease,mayCauseUnderProductionOf,3a-OH-5b-Pregnane-20-one
Addissons Disease,mayCauseUnderProductionOf,11-Dehydrocorticosterone
Addissons Disease,mayCauseUnderProductionOf,"17alpha-hydroxy-5beta-Pregnane-3,11,20-trione"
Addissons Disease,mayCauseUnderProductionOf,20alpha-Hydroxycortisol
Addissons Disease,mayCauseUnderProductionOf,18-oxo-dihydrocortisol
Addissons Disease,mayCauseUnderProductionOf,18-Hydroxy-11-dehydrotetrahydrocorticosterone
Addissons Disease,mayCauseUnderProductionOf,11-Ketoetiocholanolone
Addissons Disease,mayCauseUnderProductionOf,Cortisol
Addissons Disease,mayCauseUnderProductionOf,Cortisone
Addissons Disease,mayCauseUnderProductionOf,18-oxo-tetrahydrocortisol
Addissons Disease,mayCauseUnderProductionOf,alpha-cortolone
Addissons Disease,mayCauseUnderProductionOf,17-hydroxypregnenolone
Addissons Disease,mayCauseUnderProductionOf,Progesterone
Addissons Disease,mayCauseUnderProductionOf,"5beta-pregnane-11beta,17alpha,20beta,21-tetrol-3-one"
Addissons Disease,mayCauseUnderProductionOf,"5alpha-pregnane-3,20-dione"
Addissons Disease,mayCauseUnderProductionOf,Glucuronides
Addissons Disease,mayCauseUnderProductionOf,"11b, 21-Dihydroxy-3,20-5b-Pregnan-18-al"
Addissons Disease,mayCauseUnderProductionOf,Tetrahydrocortisone
Addissons Disease,mayCauseUnderProductionOf,"20R,22R-dihydroxycholesterol"
Addissons Disease,mayCauseUnderProductionOf,"5beta-pregnane-17alpha,20beta,21-triol-3,11-dione"
Addissons Disease,mayCauseUnderProductionOf,beta-cortolic acid
Addissons Disease,mayCauseUnderProductionOf,22R-Hydroxycholesterol
Addissons Disease,mayCauseUnderProductionOf,Pregnanediol-3-glucuronide
Addissons Disease,mayCauseUnderProductionOf,Dihydrotestosterone
Addissons Disease,mayCauseUnderProductionOf,"5beta-Pregnane-17alpha,20alpha-diol-3,11-dione"
Addissons Disease,mayCauseUnderProductionOf,20beta-Dihydrocortisone
Addissons Disease,mayCauseUnderProductionOf,Cortolonic acid
Addissons Disease,mayCauseUnderProductionOf,Corticosterone
Addissons Disease,mayCauseUnderProductionOf,5beta-Dihydroaldosterone
Addissons Disease,mayCauseUnderProductionOf,alpha-Cortol
Addissons Disease,mayCauseUnderProductionOf,beta-cortolone
Addissons Disease,mayCauseUnderProductionOf,Dehydroepiandrosterone
Addissons Disease,mayCauseUnderProductionOf,21-Deoxycortisone
Addissons Disease,mayCauseUnderProductionOf,5alpha-Dihydrocortisol
Addissons Disease,mayCauseUnderProductionOf,Tetrahydrocortisol
Addissons Disease,mayCauseUnderProductionOf,"3a,11b,21-Trihydroxy-20-Oxo-5b-Pregnan-18-al"
Addissons Disease,mayCauseUnderProductionOf,3alpha-hydroxy-5beta-pregnan-20-one
Addissons Disease,mayCauseUnderProductionOf,Testosterone
Addissons Disease,mayCauseUnderProductionOf,18-hydroxycortisol
Addissons Disease,mayCauseUnderProductionOf,Pregnanetriolone
Addissons Disease,mayCauseUnderProductionOf,"11β,18,21-trihydroxy-5β-pregnan-3,20-dione"
Addissons Disease,mayCauseUnderProductionOf,20beta-hydroxycortisol
Addissons Disease,mayCauseUnderProductionOf,20alpha-Dihydrocortisone
Addissons Disease,mayCauseUnderProductionOf,Pregnenetriol
Addissons Disease,mayCauseUnderProductionOf,11-deoxycorticosterone
Addissons Disease,mayCauseUnderProductionOf,Oestradiol
Addissons Disease,mayCauseUnderProductionOf,18-oxocortisol
Addissons Disease,mayCauseUnderProductionOf,"3alpha,11beta,18,21-tetrahydroxy-5beta-pregnan-20-one"
Addissons Disease,mayCauseUnderProductionOf,Cortolic acid
Addissons Disease,mayCauseUnderProductionOf,Androstenedione
Addissons Disease,mayCauseUnderProductionOf,5alpha-Dihydrocorticosterone
Addissons Disease,mayCauseUnderProductionOf,5beta-Dihydrocorticosterone
Addissons Disease,mayCauseUnderProductionOf,Tetrahydrocorticosterone
Addissons Disease,mayCauseUnderProductionOf,"5beta-Pregnane-3alpha,17alpha-diol-11,20-dione"
Addissons Disease,mayCauseUnderProductionOf,Tetrahydroaldosterone
Addissons Disease,mayCauseUnderProductionOf,11beta-Hydroxyetiocholanolone
Addissons Disease,mayCauseUnderProductionOf,beta-cortolonic acid
Addissons Disease,mayCauseUnderProductionOf,Pregnanediol
Addissons Disease,mayCauseUnderProductionOf,"4-Pregnene-17alpha,20alpha-diol-3,11-dione"
Addissons Disease,mayCauseUnderProductionOf,"5beta-pregnane-17alpha,20alpha,21-triol-3,11-dione"
Addissons Disease,mayCauseUnderProductionOf,Isoprogesterone
Addissons Disease,mayCauseUnderProductionOf,Pregnenediol b
Addissons Disease,mayCauseUnderProductionOf,11-Deoxycortisol
Addissons Disease,mayCauseUnderProductionOf,18-hydroxycorticosterone
Addissons Disease,mayCauseUnderProductionOf,"11b,17a 21-Trihydroxy-5bPregnane 3,20-dione"
Addissons Disease,mayCauseUnderProductionOf,5beta-dihydrocortisol
Addissons Disease,mayCauseUnderProductionOf,Aldosterone 18-glucuronide
Addissons Disease,mayCauseUnderProductionOf,5alpha-Tetrahydrocortisol
Progesterone,isPrecursorToName,20alpha-Hydroxyprogesterone
Aldosterone,isPrecursorToName,"11b, 21-Dihydroxy-3,20-5b-Pregnan-18-al"
"5beta-pregnan-21-ol-3,11,20-trione",isPrecursorToName,Dehydroepiandrosterone
"5beta-pregnan-21-ol-3,11,20-trione",isPrecursorToName,epinephrine
"5beta-pregnan-21-ol-3,11,20-trione",isPrecursorToName,NADPH
"5beta-pregnan-21-ol-3,11,20-trione",isPrecursorToName,"5beta-Pregnane-3alpha,17alpha-diol-11,20-dione"
"5beta-pregnan-21-ol-3,11,20-trione",isPrecursorToName,"5beta-pregnane-11beta,17alpha,20beta,21-tetrol-3-one"
"5beta-Pregnane-3alpha,17alpha-diol-11,20-dione",isPrecursorToName,Cortolonic acid
5beta-dihydrodeoxycorticosterone,isPrecursorToName,5beta-dihydrodeoxycorticosterone
20alpha-Dihydrocortisone,isPrecursorToName,"5beta-pregnane-17alpha,20alpha,21-triol-3,11-dione"
"5beta-pregnan-21-ol-3,11,20-trione",isPrecursorToName,Calcitriol
"5beta-pregnan-21-ol-3,11,20-trione",isPrecursorToName,Estrone
"5beta-pregnan-21-ol-3,11,20-trione",isPrecursorToName,Epitestosterone
"5beta-pregnan-21-ol-3,11,20-trione",isPrecursorToName,18-hydroxycortisol
Progesterone,isPrecursorToName,"5beta-pregnane-3,20-dione"
Corticosterone,isPrecursorToName,5alpha-Dihydrocorticosterone
"5beta-pregnan-21-ol-3,11,20-trione",isPrecursorToName,22R-Hydroxycholesterol
Pregnenolone,isPrecursorToName,17-hydroxypregnenolone
21-Deoxycortisone,isPrecursorToName,"4-Pregnene-17alpha,20alpha-diol-3,11-dione"
"5beta-pregnane-3,20-dione",isPrecursorToName,3alpha-hydroxy-5beta-pregnan-20-one
"5beta-pregnan-21-ol-3,11,20-trione",isPrecursorToName,beta-cortolone
"5beta-pregnan-21-ol-3,11,20-trione",isPrecursorToName,"20R,22R-dihydroxycholesterol"
22R-Hydroxycholesterol,isPrecursorToName,"20R,22R-dihydroxycholesterol"
"5beta-pregnan-21-ol-3,11,20-trione",isPrecursorToName,5beta-dihydrocortisol
"5beta-pregnan-21-ol-3,11,20-trione",isPrecursorToName,Cortolonic acid
Cortisol,isPrecursorToName,18-hydroxycortisol
11-deoxycorticosterone,isPrecursorToName,Corticosterone
Androstenedione,isPrecursorToName,Testosterone
"5beta-pregnan-21-ol-3,11,20-trione",isPrecursorToName,3alpha-hydroxy-5beta-pregnan-20-one
"5beta-pregnan-21-ol-3,11,20-trione",isPrecursorToName,"4-Pregnene-17alpha,20alpha-diol-3,11-dione"
"5beta-pregnan-21-ol-3,11,20-trione",isPrecursorToName,18-oxo-tetrahydrocortisol
"5beta-pregnan-21-ol-3,11,20-trione",isPrecursorToName,21-deoxycortisol
Testosterone,isPrecursorToName,Oestradiol
18-hydroxycorticosterone,isPrecursorToName,"11β,18,21-trihydroxy-5β-pregnan-3,20-dione"
"5beta-pregnan-21-ol-3,11,20-trione",isPrecursorToName,21-Deoxycortisone
17-hydroxypregnenolone,isPrecursorToName,Dehydroepiandrosterone
5alpha-Dihydrocorticosterone,isPrecursorToName,Allotetrahydrocorticosterone
"5beta-pregnan-21-ol-3,11,20-trione",isPrecursorToName,Urocortisone
"5beta-pregnan-21-ol-3,11,20-trione",isPrecursorToName,NADP+
"5beta-pregnan-21-ol-3,11,20-trione",isPrecursorToName,Cortisol
"5beta-pregnan-21-ol-3,11,20-trione",isPrecursorToName,(R)20-hydroxy-steroid Dh
17-hydroxyprogesterone,isPrecursorToName,Androstenedione
Cortisol,isPrecursorToName,20beta-hydroxycortisol
17-hydroxyprogesterone,isPrecursorToName,17-hydroxypregnenolone
Tetrahydrocortisol,isPrecursorToName,beta-cortol
Cortisol,isPrecursorToName,Glucuronides
"5beta-pregnan-21-ol-3,11,20-trione",isPrecursorToName,Dihydrotestosterone
"5beta-pregnan-21-ol-3,11,20-trione",isPrecursorToName,Androstenedione
"5beta-pregnan-21-ol-3,11,20-trione",isPrecursorToName,"4,5beta-Dihydrocortisone"
5beta-Dihydroaldosterone,isPrecursorToName,Tetrahydroaldosterone
18-oxocortisol,isPrecursorToName,18-oxo-dihydrocortisol
Cortisol,isPrecursorToName,"5beta-pregnane-3,20-dione"
Cortisol,isPrecursorToName,5alpha-Dihydrocortisol
Tetrahydrocortisol,isPrecursorToName,11beta-Hydroxyetiocholanolone
11-deoxycorticosterone,isPrecursorToName,5beta-dihydrodeoxycorticosterone
"5beta-pregnan-21-ol-3,11,20-trione",isPrecursorToName,Cortisone
17-hydroxypregnenolone,isPrecursorToName,17-hydroxyprogesterone
"5beta-pregnan-21-ol-3,11,20-trione",isPrecursorToName,Pregnanediol
"5beta-pregnan-21-ol-3,11,20-trione",isPrecursorToName,Testosterone
"20R,22R-dihydroxycholesterol",isPrecursorToName,Pregnenolone
Aldosterone,isPrecursorToName,Aldosterone 18-glucuronide
18-hydroxycortisol,isPrecursorToName,18-oxocortisol
"5beta-pregnan-21-ol-3,11,20-trione",isPrecursorToName,Cortolone
"5beta-pregnan-21-ol-3,11,20-trione",isPrecursorToName,Pregnenediol b
20beta-Dihydrocortisone,isPrecursorToName,"5beta-pregnane-17alpha,20beta,21-triol-3,11-dione"
"5beta-pregnane-17alpha,20beta,21-triol-3,11-dione",isPrecursorToName,beta-cortolone
21-Deoxycortisone,isPrecursorToName,21-deoxycortisol
"5beta-pregnan-21-ol-3,11,20-trione",isPrecursorToName,Allo-Tetrahydrocortisol
"5beta-pregnan-21-ol-3,11,20-trione",isPrecursorToName,17-hydroxypregnenolone
Progesterone,isPrecursorToName,11-deoxycorticosterone
Corticosterone,isPrecursorToName,5beta-Dihydrocorticosterone
Cortisone,isPrecursorToName,Cortisol
"17alpha-hydroxy-5beta-Pregnane-3,11,20-trione",isPrecursorToName,"5beta-Pregnane-3alpha,17alpha-diol-11,20-dione"
Pregnanediol,isPrecursorToName,Glucuronides
Urocortisone,isPrecursorToName,Glucuronides
"5beta-pregnan-21-ol-3,11,20-trione",isPrecursorToName,5alpha-Dihydrocortisol
"5beta-pregnan-21-ol-3,11,20-trione",isPrecursorToName,Estradiol
"4,5beta-Dihydrocortisone",isPrecursorToName,Tetrahydrocortisone
"5beta-pregnan-21-ol-3,11,20-trione",isPrecursorToName,Glucuronides
"3alpha,11beta,18,21-tetrahydroxy-5beta-pregnan-20-one",isPrecursorToName,18-Hydroxy-11-dehydrotetrahydrocorticosterone
"5beta-pregnan-21-ol-3,11,20-trione",isPrecursorToName,20alpha-Hydroxycortisol
"11b, 21-Dihydroxy-3,20-5b-Pregnan-18-al",isPrecursorToName,"3a,11b,21-Trihydroxy-20-Oxo-5b-Pregnan-18-al"
"5beta-pregnan-21-ol-3,11,20-trione",isPrecursorToName,17-hydroxyprogesterone
"5beta-pregnan-21-ol-3,11,20-trione",isPrecursorToName,Dehydroepiandrosterone sulfate
Aldosterone,isPrecursorToName,5beta-Dihydroaldosterone
Tetrahydrocortisol,isPrecursorToName,Cortisol
Cortisol,isPrecursorToName,5beta-dihydrocortisol
"5beta-pregnan-21-ol-3,11,20-trione",isPrecursorToName,"3a,11b,21-Trihydroxy-20-Oxo-5b-Pregnan-18-al"
"5beta-pregnan-21-ol-3,11,20-trione",isPrecursorToName,norepinephrine
"5beta-pregnan-21-ol-3,11,20-trione",isPrecursorToName,"11b, 21-Dihydroxy-3,20-5b-Pregnan-18-al"
11-Dehydrocorticosterone,isPrecursorToName,Corticosterone
"5beta-Pregnane-3alpha,17alpha-diol-11,20-dione",isPrecursorToName,Pregnanetriolone
"5beta-pregnan-21-ol-3,11,20-trione",isPrecursorToName,beta-cortol
"5beta-pregnan-21-ol-3,11,20-trione",isPrecursorToName,alpha-Cortol
"5beta-pregnan-21-ol-3,11,20-trione",isPrecursorToName,"5beta-pregnane-17alpha,20alpha,21-triol-3,11-dione"
Cholesterol,isPrecursorToName,22R-Hydroxycholesterol
5beta-dihydrocortisol,isPrecursorToName,Tetrahydrocortisol
"5beta-pregnan-21-ol-3,11,20-trione",isPrecursorToName,Pregnenetriol
"4-Pregnene-17alpha,20alpha-diol-3,11-dione",isPrecursorToName,"5beta-Pregnane-17alpha,20alpha-diol-3,11-dione"
Cortisol,isPrecursorToName,Cortisone
Tetrahydrocortisol,isPrecursorToName,Glucuronides
Cortisone,isPrecursorToName,20alpha-Dihydrocortisone
Cortisone,isPrecursorToName,20beta-Dihydrocortisone
"5beta-pregnan-21-ol-3,11,20-trione",isPrecursorToName,beta-cortolonic acid
"5beta-pregnan-21-ol-3,11,20-trione",isPrecursorToName,20beta-Dihydrocortisone
"5beta-pregnan-21-ol-3,11,20-trione",isPrecursorToName,"3alpha,21-dihydroxy-5beta-pregnane-11,20-dione"
Testosterone,isPrecursorToName,Dihydrotestosterone
Progesterone,isPrecursorToName,"5alpha-pregnane-3,20-dione"
Tetrahydrocortisol,isPrecursorToName,Cortolic acid
17-hydroxyprogesterone,isPrecursorToName,11-Deoxycortisol
Corticosterone,isPrecursorToName,18-hydroxycorticosterone
Cortolone,isPrecursorToName,Glucuronides
"5beta-pregnan-21-ol-3,11,20-trione",isPrecursorToName,11-Ketoetiocholanolone
Pregnenolone,isPrecursorToName,Progesterone
Urocortisone,isPrecursorToName,Cortolone
"5beta-pregnan-21-ol-3,11,20-trione",isPrecursorToName,dopamine
"5beta-pregnan-21-ol-3,11,20-trione",isPrecursorToName,Allopregnanolone
NADP+,isPrecursorToName,NADPH
"5beta-pregnane-3,20-dione",isPrecursorToName,3a-OH-5b-Pregnane-20-one
"5beta-pregnan-21-ol-3,11,20-trione",isPrecursorToName,Pregnenolone
17-hydroxypregnenolone,isPrecursorToName,Pregnenetriol
"5beta-pregnan-21-ol-3,11,20-trione",isPrecursorToName,Tetrahydrocortisone
Cortisone,isPrecursorToName,"4,5beta-Dihydrocortisone"
17-hydroxyprogesterone,isPrecursorToName,21-deoxycortisol
Corticosterone,isPrecursorToName,11-Dehydrocorticosterone
"5beta-pregnan-21-ol-3,11,20-trione",isPrecursorToName,"5alpha-pregnane-3,20-dione"
"5beta-pregnan-21-ol-3,11,20-trione",isPrecursorToName,11-Deoxycortisol
"5beta-pregnan-21-ol-3,11,20-trione",isPrecursorToName,20alpha-Dihydrocortisone
"11b,17a 21-Trihydroxy-5bPregnane 3,20-dione",isPrecursorToName,Tetrahydrocortisol
"5beta-pregnan-21-ol-3,11,20-trione",isPrecursorToName,11beta-HSD2
Pregnanediol,isPrecursorToName,Pregnanediol-3-glucuronide
"5beta-pregnan-21-ol-3,11,20-trione",isPrecursorToName,Estriol
"5beta-pregnan-21-ol-3,11,20-trione",isPrecursorToName,18-oxo-dihydrocortisol
18-oxo-dihydrocortisol,isPrecursorToName,18-oxo-tetrahydrocortisol
"5beta-pregnan-21-ol-3,11,20-trione",isPrecursorToName,5alpha-Tetrahydrocortisol
"5beta-pregnan-21-ol-3,11,20-trione",isPrecursorToName,beta-cortolic acid
Cholesterol,isPrecursorToName,Pregnenolone
Tetrahydrocortisone,isPrecursorToName,11-Ketoetiocholanolone
11-Deoxycortisol,isPrecursorToName,Cortisol
Cortisol,isPrecursorToName,"11b,17a 21-Trihydroxy-5bPregnane 3,20-dione"
20beta-hydroxycortisol,isPrecursorToName,"5beta-pregnane-11beta,17alpha,20beta,21-tetrol-3-one"
"5beta-pregnan-21-ol-3,11,20-trione",isPrecursorToName,Cholesterol
"5beta-Pregnane-17alpha,20alpha-diol-3,11-dione",isPrecursorToName,Pregnanetriolone
"5beta-pregnan-21-ol-3,11,20-trione",isPrecursorToName,Isoprogesterone
"5beta-pregnan-21-ol-3,11,20-trione",isPrecursorToName,"5beta-pregnane-17alpha,20beta,21-triol-3,11-dione"
"5beta-pregnan-21-ol-3,11,20-trione",isPrecursorToName,Pregnanetriolone
18-hydroxycorticosterone,isPrecursorToName,Aldosterone
21-deoxycortisol,isPrecursorToName,21-Deoxycortisone
Progesterone,isPrecursorToName,17-hydroxyprogesterone
Tetrahydrocortisol,isPrecursorToName,alpha-Cortol
"5beta-pregnan-21-ol-3,11,20-trione",isPrecursorToName,"5beta-Pregnane-17alpha,20alpha-diol-3,11-dione"
"5beta-pregnan-21-ol-3,11,20-trione",isPrecursorToName,20alpha-Hydroxyprogesterone
5alpha-Dihydrocortisol,isPrecursorToName,5alpha-Tetrahydrocortisol
"5beta-Pregnane-17alpha,20alpha-diol-3,11-dione",isPrecursorToName,Cortolonic acid
"5beta-pregnan-21-ol-3,11,20-trione",isPrecursorToName,alpha-cortolone
3alpha-hydroxy-5beta-pregnan-20-one,isPrecursorToName,Pregnanediol
"5beta-pregnan-21-ol-3,11,20-trione",isPrecursorToName,17-beta-HSD3
"5beta-pregnan-21-ol-3,11,20-trione",isPrecursorToName,Oestradiol
Tetrahydrocortisone,isPrecursorToName,Cortolonic acid
Cortisol,isPrecursorToName,20alpha-Hydroxycortisol
Dehydroepiandrosterone,isPrecursorToName,Androstenedione
Tetrahydrocortisol,isPrecursorToName,beta-cortolic acid
"5beta-pregnane-11beta,17alpha,20beta,21-tetrol-3-one",isPrecursorToName,beta-cortol
"5beta-pregnan-21-ol-3,11,20-trione",isPrecursorToName,20beta-hydroxycortisol
5beta-Dihydrocorticosterone,isPrecursorToName,Tetrahydrocorticosterone
"5beta-pregnan-21-ol-3,11,20-trione",isPrecursorToName,Allotetrahydrocortisone
"5beta-pregnane-17alpha,20alpha,21-triol-3,11-dione",isPrecursorToName,alpha-cortolone
"5beta-pregnan-21-ol-3,11,20-trione",isPrecursorToName,Calcidiol
"5beta-pregnan-21-ol-3,11,20-trione",isPrecursorToName,"11b,17a 21-Trihydroxy-5bPregnane 3,20-dione"
"5beta-pregnan-21-ol-3,11,20-trione",isPrecursorToName,11beta-HSD1
21-Deoxycortisone,isPrecursorToName,"17alpha-hydroxy-5beta-Pregnane-3,11,20-trione"
3a-OH-5b-Pregnane-20-one,isPrecursorToName,Pregnanediol
Tetrahydrocortisone,isPrecursorToName,Pregnanetriolone
Tetrahydrocortisone,isPrecursorToName,beta-cortolonic acid
"5beta-pregnan-21-ol-3,11,20-trione",isPrecursorToName,Dexamethasone
"5beta-pregnan-21-ol-3,11,20-trione",isPrecursorToName,18-oxocortisol
Pregnenolone,isPrecursorToName,Pregnenediol b
Isoprogesterone,isPrecursorToName,Progesterone
"5beta-pregnan-21-ol-3,11,20-trione",isPrecursorToName,Cortolic acid
"3a,11b,21-Trihydroxy-20-Oxo-5b-Pregnan-18-al",isPrecursorToName,Glucuronides
"5beta-pregnan-21-ol-3,11,20-trione",isPrecursorToName,3a-OH-5b-Pregnane-20-one
"5beta-pregnan-21-ol-3,11,20-trione",isPrecursorToName,"17alpha-hydroxy-5beta-Pregnane-3,11,20-trione"
"5beta-pregnan-21-ol-3,11,20-trione",isPrecursorToName,Pregnanediol-3-glucuronide
"5beta-pregnan-21-ol-3,11,20-trione",isPrecursorToName,11beta-Hydroxyetiocholanolone
"5beta-pregnan-21-ol-3,11,20-trione",isPrecursorToName,Tetrahydrocortisol
"5beta-pregnan-21-ol-3,11,20-trione",isPrecursorToName,"5beta-pregnane-3,20-dione"
Pregnenolone,isPrecursorToName,Isoprogesterone
"11β,18,21-trihydroxy-5β-pregnan-3,20-dione",isPrecursorToName,"3alpha,11beta,18,21-tetrahydroxy-5beta-pregnan-20-one"
