id1,id2,marriageDate,office
64,131,629,24
60,21,139,5
176,43,90,22
494,39,941,21
460,211,135,24
296,141,334,23
406,141,258,16
102,483,726,0
4,89,679,3
122,131,227,11
338,363,363,11
154,335,693,5
312,225,435,22
452,43,296,20
498,147,836,10
100,453,384,13
64,291,549,9
184,133,994,9
406,295,646,5
194,265,513,25
212,443,944,23
416,51,580,8
144,131,830,4
52,83,191,1
158,1,323,18
234,425,773,9
96,83,172,5
212,171,476,8
64,399,219,25
260,421,756,7
382,417,682,19
420,111,340,6
226,269,848,3
146,277,718,25
122,489,694,22
304,241,51,11
254,495,201,19
58,357,515,18
126,179,135,16
92,143,288,1
342,181,462,10
492,361,876,9
278,103,80,22
384,425,533,9
186,403,559,4
148,343,231,3
212,421,508,16
340,181,39,23
470,381,760,8
174,441,832,20
402,273,151,9
236,293,71,24
206,121,214,14
42,117,349,13
466,255,967,4
132,31,411,21
346,433,460,21
286,469,687,10
350,103,718,2
154,67,165,0
428,335,126,12
394,131,866,10
300,337,89,18
324,333,827,4
212,9,829,23
40,281,606,21
384,207,69,22
208,109,489,11
324,469,929,23
122,367,160,24
208,157,976,1
74,391,964,17
242,57,589,18
458,11,764,9
126,171,469,3
100,207,117,14
464,155,841,12
214,387,530,8
404,261,106,9
80,329,387,24
488,449,380,9
336,477,436,4
446,151,909,9
254,403,132,0
8,381,246,18
80,107,272,5
106,137,45,21
18,185,657,2
438,327,631,4
388,27,1000,15
62,259,58,23
424,403,261,2
142,453,172,4
198,439,970,25
200,7,544,3
250,293,954,15
16,407,66,25
272,43,685,16
78,367,635,3
42,283,578,14
370,385,144,15
82,85,53,19
398,441,652,1
394,407,68,24
210,431,624,12
92,475,376,4
284,299,639,2
470,341,321,23
262,405,70,14
304,125,550,23
214,353,404,19
288,431,324,6
286,251,407,12
448,83,359,0
426,131,424,17
178,375,613,9
442,185,551,9
282,83,906,17
122,157,808,14
164,31,889,15
80,89,209,4
154,133,632,25
460,335,527,8
478,237,822,7
444,159,431,7
206,199,560,3
192,363,112,7
8,345,159,5
232,65,444,17
476,231,830,9
472,461,996,9
346,391,713,23
172,281,558,8
226,279,67,3
12,417,579,20
344,175,922,13
40,321,988,10
134,373,555,14
368,435,687,9
200,61,836,15
284,201,255,3
10,485,152,16
448,199,678,21
340,101,239,14
274,409,755,12
170,401,210,10
240,81,127,6
476,223,699,25
8,447,602,0
486,199,237,12
274,265,971,1
58,125,697,5
216,333,115,1
278,13,538,1
122,227,560,7
184,417,145,12
106,449,492,16
130,371,603,18
168,3,587,9
40,369,595,10
104,209,246,0
12,301,457,14
254,357,923,18
368,193,40,15
330,153,685,12
60,341,304,16
64,297,931,12
440,33,674,0
318,417,823,2
256,121,410,17
170,347,198,18
178,397,311,9
248,119,188,14
36,339,129,17
274,211,841,15
218,25,155,14
210,77,511,4
36,269,16,15
404,163,659,2
404,49,424,9
456,361,710,24
488,497,805,7
450,9,246,2
150,149,601,24
266,103,191,4
400,119,912,18
98,465,626,23
4,75,747,0
84,213,770,3
398,87,949,4
246,227,753,9
46,99,620,10
200,15,394,25
248,303,670,5
438,15,121,11
96,37,591,6
42,463,867,8
380,325,45,1
258,367,620,12
408,95,563,8
178,109,632,16
150,13,965,7
26,357,738,3
356,407,772,13
450,177,969,25
492,495,226,2
426,231,631,14
240,283,136,1
344,479,253,3
258,11,732,3
262,341,279,25
474,451,433,8
494,313,177,18
232,467,349,1
164,287,724,24
358,335,859,22
86,393,623,7
130,307,804,6
284,5,392,25
326,415,202,24
114,203,623,9
274,31,350,4
158,405,536,18
218,499,135,1
466,65,924,5
414,335,764,1
150,405,839,8
100,323,854,20
120,413,267,17
176,335,70,15
104,287,730,14
466,213,266,17
420,271,35,15
364,477,638,14
450,291,869,12
144,133,516,21
370,131,998,3
168,177,476,17
182,343,585,14
350,241,539,22
274,87,206,11
486,345,256,19
484,223,48,24
336,157,168,5
326,347,946,25
114,357,559,25
282,43,108,16
84,251,577,17
4,263,746,15
90,135,18,13
364,449,762,2
414,165,577,17
44,83,169,17
70,453,780,9
464,243,953,13
40,309,167,23
350,193,574,22
106,247,347,2
324,83,789,12
496,89,67,11
292,471,560,11
226,35,892,7
352,425,872,25
434,253,238,13
294,105,377,14
148,145,138,19
346,185,466,19
342,97,811,12
344,197,348,3
250,433,685,21
292,225,384,7
440,361,874,7
390,287,800,16
190,291,156,0
74,381,154,12
112,449,402,9
260,173,952,24
254,321,1000,16
472,417,24,15
244,153,670,19
78,367,619,10
296,97,730,16
136,285,709,6
94,259,416,24
180,259,554,7
240,369,561,6
296,185,184,4
460,7,179,8
62,421,562,17
448,397,854,7
482,379,232,2
366,345,791,18
16,461,960,2
42,425,630,23
384,263,76,1
488,215,856,1
154,445,54,24
190,67,559,9
20,245,525,7
214,411,379,10
462,277,792,19
348,365,34,3
2,103,836,10
178,121,992,7
104,421,370,15
352,327,557,19
270,295,854,7
28,191,625,16
264,389,686,2
64,423,137,7
190,25,51,6
462,225,336,25
110,247,420,11
408,331,962,2
340,251,988,25
248,335,495,16
356,469,740,9
34,221,335,16
40,213,780,11
306,425,831,6
42,401,533,1
92,21,771,1
428,67,773,18
394,331,715,14
494,55,209,13
82,173,160,24
338,207,843,2
338,375,255,21
314,3,352,25
92,447,594,13
386,125,799,11
284,491,817,6
284,157,298,17
280,203,756,10
136,329,69,24
480,217,766,21
468,197,53,16
488,475,533,6
272,237,407,6
322,187,671,14
342,269,643,16
404,427,23,11
418,417,509,3
392,351,869,11
248,13,434,3
426,73,494,25
318,51,195,0
202,443,341,25
72,33,316,23
406,103,896,0
468,19,84,23
324,481,699,8
236,11,624,6
250,467,499,16
488,311,986,14
398,29,181,18
130,163,787,6
306,251,214,15
34,17,303,6
446,219,187,23
112,49,301,1
410,161,557,15
408,479,667,15
222,439,264,19
148,261,937,19
408,177,307,8
146,323,832,16
336,81,400,13
194,473,86,9
416,23,833,25
322,27,270,17
98,173,77,7
56,493,601,25
190,91,786,20
462,239,852,10
438,7,56,20
466,149,676,4
406,219,115,13
288,489,490,6
266,291,908,4
250,493,915,20
402,273,777,11
44,417,751,17
92,435,873,18
300,319,668,11
28,403,295,4
332,73,976,16
396,161,517,5
274,201,874,2
188,147,25,12
184,321,624,1
194,53,106,6
226,111,26,20
270,367,609,24
440,397,566,2
122,67,479,3
334,257,511,14
244,427,563,10
376,267,354,6
244,371,452,8
404,457,954,9
354,491,205,23
494,457,982,25
256,189,959,23
410,235,857,11
28,107,391,4
298,223,744,1
338,157,703,19
164,321,457,24
348,9,486,25
10,363,983,20
260,9,423,13
188,159,975,4
12,187,519,16
450,163,499,17
102,415,393,16
304,295,279,7
308,477,819,7
30,285,954,13
394,291,683,5
64,345,374,23
306,343,174,3
272,405,754,12
438,419,645,4
78,465,630,6
264,389,483,16
102,411,298,17
472,275,442,14
288,321,73,10
272,381,682,4
134,493,691,16
168,167,525,10
126,339,15,12
60,153,976,5
476,177,955,25
236,301,48,10
418,383,384,7
128,259,273,5
202,391,394,12
440,327,292,3
326,311,707,0
36,337,259,7
172,327,446,14
94,167,444,1
238,293,727,17
364,213,892,20
134,11,1,17
288,349,332,13
232,347,755,18
272,343,175,16
94,107,389,13
18,405,368,4
376,259,209,2
10,13,681,19
192,467,660,21
54,145,986,17
410,407,156,0
58,245,339,5
118,429,579,10
338,403,457,6
102,97,901,10
406,373,331,19
200,327,643,15
278,119,422,6
260,463,419,16
88,131,666,7
66,41,476,0
476,297,994,13
40,77,688,3
174,261,148,5
378,199,319,13
4,375,148,6
412,117,195,12
248,419,568,21
206,461,644,14
96,133,356,15
84,157,358,14
20,383,76,8
262,59,726,4
356,179,662,25
256,253,703,4
430,47,215,13
158,371,469,23
38,101,941,13
264,191,78,17
436,93,761,1
184,475,385,10
146,137,269,7
50,453,542,10
248,485,172,13
338,253,537,8
118,289,786,1
220,69,240,24
388,269,950,25
344,453,872,16
446,319,129,14
374,283,358,7
36,417,176,3
374,175,656,16
408,199,883,18
214,315,468,4
6,495,303,6
118,15,781,16
120,219,966,17
260,157,30,22
284,321,291,6
110,233,462,0
210,1,294,8
2,367,537,12
368,413,405,22
406,211,51,25
402,259,885,11
260,461,276,10
118,245,478,18
398,483,521,9
14,369,555,4
478,353,562,19
242,151,807,9
302,11,435,8
260,19,801,3
350,309,468,13
252,367,497,10
270,439,315,11
294,87,103,17
370,335,101,4
342,129,394,15
458,313,345,10
358,153,548,25
238,399,777,7
376,441,586,4
366,303,915,17
366,183,597,10
114,315,131,14
214,41,256,25
338,61,1000,15
338,397,516,10
6,197,414,1
52,349,525,10
72,109,263,22
214,223,947,24
242,395,110,11
466,265,137,11
416,183,197,20
210,205,838,10
318,143,679,20
430,109,108,21
250,43,771,7
398,461,589,11
440,221,956,20
356,213,499,8
382,453,180,17
348,225,890,5
438,117,746,15
158,39,853,0
388,343,970,21
268,445,973,15
146,111,234,10
426,199,656,19
424,93,307,1
136,323,146,22
336,335,359,8
48,411,685,20
272,261,123,1
196,65,546,24
72,365,192,1
386,473,188,8
412,217,621,11
82,381,685,25
174,357,423,3
110,29,771,20
266,279,494,23
238,293,582,10
374,119,979,18
334,77,792,21
76,181,274,19
350,379,122,25
390,345,339,5
146,463,320,22
48,375,420,1
390,277,643,18
316,333,663,24
410,391,787,16
24,109,503,6
444,413,507,17
40,295,972,19
132,421,622,0
188,155,679,23
4,167,214,19
288,445,220,24
34,113,860,1
360,223,709,8
202,459,469,16
140,299,499,17
160,189,661,9
362,255,918,22
54,247,139,16
408,85,718,21
76,99,103,6
328,365,82,17
168,33,796,19
488,201,661,24
234,369,268,15
168,301,531,14
96,383,800,8
2,195,362,12
232,59,684,11
112,261,111,6
16,299,23,4
312,463,71,7
164,7,211,13
380,85,75,3
426,173,876,21
264,65,604,22
316,463,49,15
280,93,79,14
324,321,336,2
0,39,168,20
444,417,327,7
180,55,44,3
86,377,803,25
240,397,671,2
80,129,602,23
470,427,762,8
196,307,941,14
230,9,995,0
316,433,155,5
366,7,474,22
326,39,938,11
340,433,101,13
482,297,46,18
14,33,700,18
112,151,45,24
194,303,125,9
80,101,567,11
262,363,577,10
288,335,562,18
128,249,67,12
0,411,648,14
292,429,733,6
222,323,211,18
134,283,408,25
342,435,35,4
56,75,559,24
498,125,547,25
200,369,372,9
0,105,406,8
486,233,730,17
348,147,97,7
494,189,17,8
278,369,455,23
122,19,45,6
122,195,190,4
200,213,203,23
344,75,933,12
212,47,461,2
358,113,568,2
2,47,28,10
252,87,235,24
450,409,725,21
36,175,124,5
112,495,450,17
104,215,37,0
98,489,230,14
484,479,568,24
252,195,454,9
428,169,144,15
458,183,306,2
222,151,702,11
332,341,801,12
422,7,897,12
178,329,106,21
120,233,666,19
240,491,565,12
46,223,890,5
234,71,388,7
148,133,266,12
122,263,892,16
208,233,233,25
328,31,67,4
386,443,686,7
340,195,817,23
268,101,573,4
234,343,955,7
336,25,266,18
62,59,804,16
256,123,696,17
348,15,710,16
438,193,655,2
30,355,897,10
336,469,126,2
56,119,315,8
296,117,617,13
216,191,451,16
324,1,826,6
10,189,642,23
102,397,891,1
306,309,47,6
274,197,276,25
234,285,998,23
372,363,439,6
428,73,688,4
214,163,293,12
212,265,690,8
194,33,941,4
176,115,754,1
246,275,655,21
424,149,898,3
188,159,866,8
122,427,802,15
304,401,622,18
388,447,508,18
316,207,96,2
290,135,191,15
402,491,337,14
64,3,439,15
0,267,228,9
0,443,918,6
432,63,721,14
302,279,940,17
350,91,52,21
148,383,128,15
78,79,781,13
270,447,260,1
282,61,692,5
284,301,834,3
196,121,852,19
22,229,980,18
124,303,826,4
276,401,593,20
172,251,879,1
96,263,330,22
172,419,177,25
40,121,183,16
56,115,134,2
310,303,700,23
310,395,398,24
498,163,808,10
96,323,249,3
68,319,677,23
194,245,763,2
74,313,58,16
12,447,437,1
330,55,958,7
114,259,414,22
76,91,805,9
30,329,451,19
468,241,78,19
320,83,706,4
374,161,492,20
410,413,462,7
454,173,377,22
400,169,238,3
334,213,961,0
400,63,854,13
484,373,537,19
492,59,607,19
388,17,503,8
112,121,792,24
70,215,569,20
250,197,441,1
444,143,549,21
164,179,30,10
300,351,971,22
318,197,549,15
498,495,178,12
78,185,624,4
402,285,157,7
106,367,591,19
268,137,470,1
104,475,860,5
186,249,813,17
274,491,61,16
432,327,272,24
440,313,905,1
122,301,964,20
68,445,460,1
118,91,33,8
38,411,371,6
118,89,601,25
378,181,545,21
328,141,175,23
440,211,326,5
430,149,37,17
176,499,193,6
392,179,309,14
394,163,79,19
214,107,461,7
486,91,33,6
140,239,27,1
388,303,617,15
136,307,211,24
282,209,496,23
444,151,375,21
264,263,425,16
328,405,756,6
422,141,656,24
492,483,45,21
232,233,63,7
70,33,776,5
440,5,803,22
424,79,25,10
286,13,341,1
202,89,181,4
346,489,265,1
462,219,813,7
168,209,68,5
256,143,288,25
114,305,103,23
24,403,194,4
208,467,575,11
112,145,150,23
22,411,980,9
446,95,625,10
390,207,532,10
4,17,412,7
404,61,984,25
186,201,586,22
52,349,282,14
146,173,31,4
280,385,773,2
220,353,640,20
280,107,175,14
468,73,806,7
160,155,657,18
190,459,38,0
408,401,655,3
204,121,445,18
38,17,436,22
16,121,361,9
452,471,629,18
280,367,515,22
14,35,497,7
144,23,815,13
58,417,546,14
276,87,160,20
116,185,404,8
104,157,51,25
158,231,680,18
112,125,359,19
98,171,284,0
240,125,320,7
494,11,886,9
244,39,917,16
298,349,410,17
68,285,761,4
240,431,175,21
470,217,273,1
262,231,149,9
16,181,44,0
138,21,355,9
344,171,918,16
328,263,294,1
392,249,581,5
352,441,178,20
428,269,571,21
162,471,672,18
450,417,554,13
20,363,475,5
78,245,859,15
272,141,985,19
306,31,660,1
144,53,516,16
152,255,1000,6
456,43,11,16
126,207,157,4
492,155,214,19
122,409,353,6
112,77,407,13
478,193,27,10
464,19,118,22
14,65,649,2
98,393,137,25
260,99,70,6
28,107,983,21
318,251,946,22
480,57,449,19
318,75,262,6
324,303,399,15
354,421,511,13
450,137,316,12
192,235,338,5
186,85,953,0
332,419,631,20
4,341,675,11
290,193,784,6
466,245,963,12
216,171,18,9
414,197,98,16
50,247,871,0
332,87,569,13
324,73,369,3
360,473,251,16
136,481,464,20
220,373,658,9
474,339,867,25
272,225,69,13
102,229,655,1
412,309,697,7
286,55,895,0
114,293,305,10
208,147,399,4
148,449,877,14
388,39,123,6
198,85,80,22
366,51,692,19
60,75,814,12
378,51,923,11
454,197,175,22
452,209,887,16
30,163,221,12
392,155,809,1
56,251,114,19
334,155,610,21
128,151,692,4
112,443,398,8
432,137,10,23
38,359,302,10
108,219,725,0
70,37,64,3
194,265,819,9
366,219,175,21
32,319,643,9
120,315,332,9
428,323,135,9
194,337,500,7
212,203,659,0
92,181,139,13
236,151,587,13
334,313,226,19
34,493,497,4
342,439,949,24
152,153,92,7
52,299,25,10
94,21,401,23
80,171,199,17
256,323,576,21
436,333,930,8
124,239,759,14
324,475,737,0
490,445,986,15
450,409,266,20
300,97,22,23
266,185,97,1
4,151,850,14
332,253,922,21
388,43,54,20
162,265,734,22
114,463,603,6
428,53,437,18
304,277,758,16
88,9,643,20
364,49,357,3
106,475,955,18
96,133,187,17
298,373,667,1
16,53,651,22
220,95,876,19
458,445,980,16
360,223,802,4
372,469,486,20
326,119,276,8
82,177,841,11
102,7,863,2
338,247,877,19
218,339,495,20
158,295,487,16
492,443,825,25
284,43,964,24
438,107,848,12
222,155,341,15
62,355,944,8
386,139,8,18
88,163,233,17
484,131,811,22
362,257,666,24
472,81,461,9
410,139,915,23
328,485,916,10
326,341,396,6
192,171,461,2
94,221,570,20
384,171,323,22
136,273,104,9
364,233,974,19
196,293,228,3
200,103,679,20
72,383,388,10
340,179,440,21
126,461,867,21
0,293,772,23
482,115,69,14
180,435,486,16
448,193,347,2
354,37,302,15
144,121,448,7
240,271,718,22
450,399,791,7
286,267,19,23
330,361,690,8
304,107,875,11
398,467,90,25
418,267,691,7
248,487,127,1
140,255,334,0
238,451,319,15
52,127,725,4
272,355,220,22
144,153,595,14
262,23,475,25
332,223,702,16
306,97,168,18
172,133,458,17
322,65,977,11
318,321,180,7
476,157,356,22
350,311,298,14
348,271,99,8
16,319,677,5
72,435,887,14
390,47,834,17
192,223,800,9
416,5,755,13
416,401,368,16
230,41,509,25
282,51,78,4
296,129,425,10
268,139,944,16
208,219,267,20
330,237,449,12
2,477,538,2
444,233,265,8
294,425,744,13
150,479,208,13
20,201,949,12
114,73,585,1
186,229,205,18
16,103,279,3
176,15,472,13
168,303,784,8
348,315,316,5
392,349,138,8
118,95,880,2
62,93,530,22
448,159,851,2
432,57,319,5
472,275,205,14
68,385,885,19
184,55,896,11
230,37,529,25
40,471,485,24
334,109,866,3
12,297,504,6
468,319,933,9
196,457,994,22
40,141,396,6
398,359,202,1
182,381,905,23
142,425,343,23
352,339,126,1
356,433,836,10
374,53,892,25
290,323,694,7
308,249,345,9
30,499,419,19
174,437,759,12
296,257,545,12
448,409,379,7
468,159,126,4
438,139,16,13
112,433,371,3
122,181,717,23
212,129,643,5
324,461,198,23
198,31,156,0
468,153,859,1
436,453,180,0
406,87,960,24
274,323,824,20
434,437,495,12
158,125,592,9
362,31,192,17
354,223,152,23
116,355,380,19
448,297,423,5
118,173,805,12
246,11,761,6
320,349,466,6
444,143,903,6
178,465,515,8
332,223,349,14
204,239,753,23
166,357,251,24
230,293,702,22
394,211,149,16
188,39,776,17
332,107,252,2
436,489,953,8
40,173,462,15
432,311,973,2
48,9,544,3
282,455,365,17
236,445,158,8
2,103,483,17
496,335,839,15
20,213,635,20
4,139,54,19
178,165,417,22
304,119,364,10
132,491,120,1
242,33,575,15
286,263,993,7
4,431,476,3
154,495,369,21
232,45,1144,2
14,139,671,23
168,263,443,25
142,469,170,11
50,119,229,1
364,7,967,4
52,265,584,10
94,65,211,10
428,475,71,12
78,91,689,14
228,367,373,11
106,357,274,14
70,193,387,24
388,243,145,10
462,389,912,24
382,497,309,4
50,129,523,4
198,223,82,24
10,401,275,19
116,495,903,7
324,107,793,25
404,27,130,5
60,79,779,22
264,455,443,0
446,429,28,18
306,163,397,23
178,239,3,1
310,29,833,24
24,333,143,12
82,155,563,21
322,213,725,16
384,325,66,24
46,181,879,2
404,449,949,4
384,331,513,4
62,205,687,11
348,465,432,6
220,231,294,8
234,311,714,7
198,37,749,23
450,239,287,13
318,229,833,8
306,145,554,2
218,57,55,18
82,125,62,2
298,123,385,2
18,153,217,15
332,265,32,9
124,169,125,8
68,455,849,22
446,71,188,21
178,495,259,17
306,453,172,0
384,159,91,2
248,55,332,10
178,181,136,8
36,263,973,16
332,177,572,20
320,145,290,12
90,123,501,5
338,167,21,11
168,213,752,24
44,93,241,17
374,409,503,5
378,33,576,4
460,289,428,4
380,135,404,10
388,327,942,21
16,45,500,14
436,455,279,3
184,473,155,19
74,469,822,23
256,349,280,22
488,39,95,11
166,19,634,10
216,323,170,9
166,157,910,8
478,327,39,5
76,17,74,10
484,11,614,24
238,435,543,14
404,267,58,8
42,289,811,23
372,85,481,18
440,187,350,6
220,97,724,22
30,327,670,20
302,93,838,3
416,205,471,24
138,159,365,20
102,293,54,25
8,255,5,9
496,489,827,17
314,5,246,3
414,321,513,17
296,495,558,3
310,87,387,8
46,459,166,8
330,25,43,17
58,117,821,12
306,147,419,6
400,103,792,9
316,467,720,19
276,393,651,24
460,423,911,1
294,211,121,23
424,361,548,15
50,267,502,15
430,225,572,11
352,319,870,11
226,59,269,0
94,75,409,25
24,215,182,15
448,419,401,1
214,13,768,22
430,225,600,14
188,249,370,23
360,497,376,10
494,457,68,16
50,419,74,23
340,469,990,1
132,381,606,11
180,331,469,5
78,261,152,4
46,179,860,25
390,359,533,14
86,415,212,22
48,329,595,19
144,393,134,17
364,459,794,20
220,225,562,9
236,353,928,4
372,31,257,7
384,439,312,16
424,323,314,17
14,285,167,14
254,455,94,3
258,315,966,12
182,41,559,12
410,439,351,6
84,59,418,13
474,253,655,9
442,367,721,0
298,183,389,8
442,325,835,20
60,345,199,24
380,487,370,0
466,201,817,4
10,467,981,21
244,453,974,11
420,417,521,21
190,105,187,8
174,307,383,0
98,17,684,5
114,57,575,5
480,71,969,7
280,297,534,10
138,393,718,15
106,369,268,1
170,169,488,18
392,347,614,14
56,185,586,6
260,177,914,15
400,17,353,0
68,145,715,19
4,487,605,15
360,299,302,0
138,483,894,16
490,389,360,21
404,351,392,24
200,211,949,1
438,187,148,19
180,463,542,8
136,473,72,11
498,311,726,6
80,149,317,2
358,201,948,5
46,447,637,6
208,335,76,12
160,69,994,8
266,423,434,9
284,51,729,15
382,257,782,7
120,83,999,0
312,75,787,3
98,371,921,13
198,363,824,23
370,67,101,12
228,429,489,25
238,369,475,11
398,497,458,9
234,495,313,9
112,251,947,0
492,175,650,5
296,37,870,0
208,457,223,23
214,9,650,18
108,201,782,4
396,137,29,21
2,239,538,12
394,483,194,2
104,201,20,18
294,201,625,0
186,435,986,23
28,419,219,19
266,255,776,5
370,71,31,22
64,61,160,4
376,163,758,12
336,411,501,8
314,339,28,25
366,171,565,17
404,233,804,12
350,389,47,10
396,81,149,16
228,133,643,10
336,499,26,24
84,99,542,15
158,209,424,12
98,137,174,6
270,377,409,19
56,315,978,22
96,291,300,9
4,335,282,6
246,381,723,13
104,89,813,20
56,429,819,16
210,271,280,7
348,263,606,14
112,171,247,24
332,201,679,20
244,339,975,13
430,81,1144,2
412,331,470,24
148,207,341,15
216,7,148,8
352,81,972,3
326,287,419,10
148,253,408,10
116,209,278,5
402,399,890,8
56,287,108,5
430,381,156,13
20,441,927,0
454,373,683,20
26,353,769,4
110,117,905,23
364,497,852,7
470,13,701,18
218,33,336,15
126,67,949,24
122,375,895,10
18,153,828,8
384,467,937,24
468,205,742,11
382,127,733,4
432,349,75,1
160,157,672,0
108,161,961,18
466,27,471,3
6,23,794,8
178,423,963,22
476,347,436,25
8,373,365,18
120,333,706,22
302,391,678,4
38,193,168,9
66,127,605,22
310,175,824,9
112,387,223,14
54,243,71,12
100,109,865,20
234,211,323,12
64,63,870,4
276,127,614,8
174,221,4,24
178,359,767,10
462,17,413,10
234,305,989,9
316,345,209,11
152,57,6,5
368,325,918,12
304,211,892,25
382,239,933,19
328,219,864,7
436,145,924,4
306,327,302,8
170,33,891,1
312,367,876,15
236,429,763,5
76,21,977,24
116,255,904,11
450,237,733,6
198,101,709,10
400,437,774,13
260,129,857,0
478,65,862,25
308,33,532,9
496,357,632,16
30,333,827,1
376,189,785,6
456,461,975,8
316,185,803,13
326,231,967,10
474,109,363,23
398,255,358,12
278,199,508,12
422,439,935,22
46,19,457,7
52,379,934,8
296,265,553,21
424,275,533,12
480,245,912,3
80,93,607,16
134,97,353,11
258,483,791,9
414,487,828,9
298,371,287,21
286,467,502,0
130,143,240,22
90,245,861,6
434,59,916,9
134,123,333,13
314,49,28,14
342,475,871,12
342,235,474,6
92,437,384,14
288,427,794,24
128,327,558,23
470,293,576,23
406,103,746,21
370,413,842,4
72,419,229,24
270,15,638,2
398,347,170,16
116,359,10,1
360,205,83,7
384,85,886,18
408,139,906,3
240,227,362,21
370,313,164,25
332,149,31,1
394,451,982,20
462,317,955,12
494,59,958,8
64,65,507,20
54,293,639,23
446,207,541,13
70,155,117,16
440,233,601,20
430,195,423,5
408,293,311,13
470,357,25,15
32,479,329,0
414,381,293,12
464,447,785,22
56,55,568,4
214,271,677,5
222,241,425,13
44,203,967,3
366,215,556,4
460,285,487,24
162,3,867,20
356,41,310,3
98,353,35,16
440,291,553,6
412,169,468,23
34,311,653,12
68,401,887,7
330,405,869,12
424,415,920,2
272,175,289,19
266,391,547,3
318,157,575,10
122,39,293,20
344,291,789,13
462,3,498,7
34,127,165,21
266,95,719,12
294,453,938,3
452,473,315,20
30,81,984,10
266,265,276,19
60,451,660,23
218,281,473,3
128,145,444,0
36,217,48,15
6,181,965,21
96,191,720,0
216,209,384,0
50,335,58,21
40,27,292,11
348,297,332,18
358,17,333,24
214,103,900,12
448,27,920,3
112,251,10004,0
278,17,805,20
400,185,363,19
292,421,746,21
314,339,866,15
212,377,486,0
264,251,248,25
52,473,896,5
138,235,574,4
294,37,93,18
190,153,842,14
100,89,501,14
178,63,425,21
82,35,125,23
192,167,263,12
416,297,241,9
290,21,855,22
324,69,919,18
496,497,44,12
246,39,905,0
20,143,867,24
300,417,632,6
308,51,778,18
482,441,975,18
62,73,638,10
440,405,479,16
248,7,284,11
214,95,611,22
96,89,916,18
370,299,942,9
128,295,144,23
108,93,357,9
28,155,449,9
78,367,325,20
304,233,164,24
246,407,374,3
52,253,598,7
288,113,848,24
496,295,827,1
416,247,340,24
494,297,443,22
186,267,77,0
280,147,675,7
278,121,757,7
32,265,958,7
10,411,605,8
100,487,83,16
274,55,295,14
306,21,675,2
222,79,717,13
170,47,593,13
100,385,315,9
268,37,931,12
102,25,236,0
272,181,853,5
210,157,512,4
72,423,993,20
340,249,85,15
168,123,208,10
128,177,128,13
224,147,745,8
210,443,395,23
78,303,850,11
174,187,497,6
374,263,630,14
158,319,39,13
386,171,971,8
424,277,453,2
304,297,440,19
192,461,505,17
262,77,876,6
252,255,635,17
422,61,777,2
386,193,218,3
42,267,403,5
314,311,100,11
482,283,925,18
410,55,634,12
50,173,992,17
336,189,341,2
268,3,467,1
264,329,832,18
166,403,608,17
462,187,877,20
288,331,700,16
136,403,527,9
482,333,817,18
348,389,950,0
120,37,481,1
388,291,55,4
396,445,680,13
38,309,125,17
190,159,619,19
48,207,802,16
0,199,329,20
420,481,190,24
12,319,693,22
454,427,325,6
292,55,440,14
300,337,956,16
494,219,425,3
290,115,800,0
30,73,62,4
324,371,835,18
80,269,633,25
192,97,417,25
298,73,577,8
228,29,894,15
76,57,571,13
400,57,469,12
208,459,97,18
346,269,1000,2
412,23,555,8
408,245,499,6
42,345,906,11
424,71,487,15
66,369,157,18
234,283,630,0
216,115,681,2
370,205,72,1
102,411,429,2
156,251,726,5
184,473,710,23
410,399,491,8
54,389,8,23
88,441,580,8
384,115,360,18
140,333,840,2
54,477,730,15
454,483,691,10
90,67,962,19
248,73,573,7
242,499,128,9
228,149,903,1
420,415,47,1
464,481,595,13
230,173,95,17
456,335,314,4
268,187,214,25
66,359,153,3
104,235,565,21
82,375,75,6
68,311,303,24
346,257,401,25
52,207,956,18
328,167,259,2
138,205,501,13
456,439,240,19
212,167,895,24
446,331,189,12
426,491,868,14
318,309,215,4
404,387,345,24
294,161,92,0
226,269,204,19
70,21,430,18
458,179,488,11
282,173,175,2
278,101,375,22
436,325,505,0
324,291,338,18
212,37,34,17
172,343,353,9
314,273,369,18
100,349,686,14
162,491,358,4
452,3,317,5
62,149,142,0
296,453,150,16
328,29,808,25
276,141,585,19
438,303,200,23
286,125,877,7
194,383,527,10
490,69,313,10
302,413,719,18
132,217,489,7
118,187,81,8
238,77,64,8
176,337,235,14
406,363,195,15
40,207,7,13
144,99,605,20
376,213,11,24
304,147,726,18
436,439,356,1
12,29,26,18
14,325,677,22
400,27,621,3
468,355,302,3
0,419,746,19
96,273,921,23
472,17,947,17
282,451,453,1
194,305,674,16
314,465,630,7
406,293,565,13
158,181,734,6
28,61,409,17
20,151,276,9
312,261,729,24
410,219,32,20
418,485,176,2
350,333,124,19
248,271,675,16
116,103,179,13
398,209,665,18
20,475,606,11
56,255,652,17
288,467,220,10
216,173,351,25
152,135,215,25
154,345,863,18
468,209,277,6
330,453,340,23
34,477,228,7
114,189,383,21
358,75,97,23
232,463,462,4
166,59,220,13
408,409,36,9
356,129,483,5
72,323,348,2
316,207,435,20
102,163,340,11
314,495,107,14
26,159,395,16
110,269,432,13
314,91,728,23
226,311,741,16
212,497,468,24
110,343,903,21
206,149,574,23
56,39,735,8
42,269,771,23
78,51,359,1
348,19,121,25
244,233,499,16
8,13,98,3
244,205,861,12
366,367,266,2
4,383,196,10
66,117,175,20
306,209,265,19
402,11,365,15
66,277,886,24
448,239,892,15
140,251,470,21
294,263,972,25
80,69,343,12
432,163,901,0
350,329,616,21
478,453,670,16
230,151,203,2
400,313,522,10
294,237,572,4
298,295,487,21
106,67,647,16
74,395,234,25
66,163,138,7
350,83,692,22
318,41,985,13
248,245,501,3
112,173,52,6
98,499,789,14
490,293,385,11
278,257,577,5
432,485,76,12
162,29,915,8
88,345,809,1
160,371,866,19
396,109,718,4
340,439,282,21
364,231,403,17
378,179,191,1
256,25,353,6
16,275,453,22
286,105,198,13
32,319,268,1
424,91,838,8
160,47,67,23
268,99,84,20
164,261,808,24
344,421,537,3
382,395,479,15
302,71,497,25
120,329,77,2
40,241,602,15
442,247,795,20
290,353,254,0
366,13,877,15
182,297,667,13
122,433,755,4
304,151,808,3
170,121,872,15
0,487,534,11
470,413,192,22
172,229,652,22
278,485,391,22
322,419,145,24
400,193,848,9
208,173,954,17
104,427,406,7
290,91,902,19
350,389,162,20
92,223,91,2
48,213,900,13
408,445,577,15
180,199,346,15
322,149,125,16
222,59,886,25
178,65,370,16
142,329,953,2
38,307,242,13
490,137,324,25
492,143,256,12
274,143,130,17
404,385,557,21
314,317,293,14
362,295,360,23
10,291,688,7
330,121,743,22
496,217,290,12
200,467,551,10
214,77,723,9
80,67,425,17
326,437,534,15
452,169,455,17
302,341,603,16
244,457,202,0
474,29,578,23
446,39,212,12
74,25,741,4
336,149,848,0
378,1,419,16
44,477,953,4
234,209,644,19
34,497,584,5
32,207,116,25
264,273,309,11
138,217,75,10
108,347,241,20
248,355,854,11
380,417,470,14
472,335,99,18
90,297,32,15
462,343,471,13
154,299,272,25
400,123,357,18
78,487,46,25
336,295,993,11
316,435,443,8
424,39,95,18
490,149,894,6
108,231,993,1
484,203,813,25
348,241,987,24
240,403,176,14
488,203,768,0
240,63,484,6
178,325,101,16
366,431,393,7
474,369,966,23
64,167,551,17
242,191,88,11
188,241,533,8
350,137,313,17
204,31,243,11
294,379,673,3
222,123,731,19
224,305,822,8
296,373,102,13
250,269,624,9
496,455,148,1
74,133,703,1
128,269,728,20
154,459,170,14
238,89,654,21
468,399,546,11
58,201,995,0
442,417,674,8
400,317,904,23
466,3,655,20
378,211,399,13
232,483,626,24
464,231,695,11
320,331,83,24
38,443,353,13
482,75,647,13
460,61,373,13
34,317,273,20
314,497,866,18
28,107,689,12
494,331,598,6
368,27,951,5
284,85,8,15
276,483,195,18
316,281,917,1
226,53,478,19
404,435,971,19
98,203,364,21
10,279,743,0
268,405,85,8
48,29,493,1
356,243,745,12
44,257,994,13
482,467,326,7
122,277,61,14
76,343,347,8
156,157,369,10
448,425,552,8
308,275,137,21
154,381,905,18
234,171,475,2
298,489,589,7
426,245,770,8
430,191,957,19
58,7,197,10
482,301,65,18
346,155,823,20
78,261,495,11
498,257,214,4
288,199,723,9
358,173,345,23
248,249,817,5
398,307,22,16
462,187,369,22
244,377,256,2
118,365,290,13
342,185,122,13
404,369,69,8
54,265,981,24
344,399,953,9
104,421,620,12
94,383,935,17
184,253,84,11
40,5,83,9
350,37,875,15
96,331,580,3
422,437,70,18
414,289,110,23
70,309,166,7
322,133,747,4
22,319,277,16
114,445,752,14
496,213,103,6
258,435,479,0
450,493,397,12
242,247,963,2
48,97,138,18
408,129,506,22
348,415,163,5
260,289,919,19
86,303,14,16
470,483,149,9
312,89,506,14
108,193,724,23
94,149,311,4
288,81,915,8
244,311,761,19
50,473,500,8
248,423,316,10
66,33,466,19
382,245,950,6
30,29,941,7
370,453,359,1
408,289,761,0
198,173,668,23
408,437,222,6
122,383,789,7
46,485,407,10
428,407,765,4
310,343,984,25
342,63,676,5
390,315,804,24
278,213,234,14
284,271,619,17
472,89,781,17
72,155,84,4
284,329,629,22
400,37,720,23
496,117,349,24
72,363,906,10
198,279,94,15
290,243,633,19
398,465,48,11
444,413,794,23
86,429,483,14
30,133,621,19
160,199,954,25
472,323,313,17
466,97,694,19
200,347,621,17
114,191,262,10
348,279,664,13
50,3,885,14
230,437,103,2
92,393,275,13
200,459,39,13
290,383,89,21
290,253,991,21
62,477,160,16
416,203,325,3
236,121,151,6
226,317,326,21
130,323,617,4
312,375,420,2
486,239,693,21
190,155,777,5
202,153,490,1
338,281,373,16
192,43,677,20
38,421,60,14
478,201,447,16
108,159,846,23
462,87,423,7
14,137,914,20
450,361,399,18
496,319,126,21
422,215,518,15
28,451,401,9
460,213,339,20
386,13,105,21
392,289,947,3
82,475,635,5
180,317,794,19
460,177,652,23
40,359,852,18
408,115,86,13
298,37,429,20
234,483,682,22
496,221,623,12
312,225,27,18
160,259,287,10
152,163,967,23
398,419,961,13
90,423,929,25
98,153,961,6
106,401,907,11
54,119,869,16
186,457,393,9
174,95,130,5
32,457,947,22
56,333,853,22
426,465,114,8
460,217,957,19
154,3,934,4
456,341,595,2
228,371,741,19
410,419,652,19
138,83,676,14
482,221,508,12
374,61,163,15
90,41,730,25
382,181,159,25
0,179,846,22
296,75,311,5
198,401,168,5
278,397,841,13
118,425,690,24
332,401,48,20
420,175,720,21
336,251,717,0
28,245,469,19
440,467,674,1
216,447,766,14
182,379,802,16
316,137,249,7
394,431,630,25
86,417,354,5
458,299,427,2
174,477,795,10
356,111,270,9
346,223,803,2
468,359,446,8
140,167,226,13
442,377,656,12
66,349,417,19
406,377,638,2
496,457,615,22
404,33,792,3
488,485,703,7
348,499,488,5
192,41,784,22
18,85,594,18
206,123,412,18
322,461,302,19
268,127,922,18
128,215,315,12
420,71,4,21
328,407,653,2
6,53,983,4
240,375,964,5
266,31,333,22
284,91,65,12
430,213,461,22
202,291,808,10
176,443,856,9
494,319,169,20
382,479,237,23
150,399,142,0
64,337,546,8
486,179,854,21
98,429,513,10
246,65,550,8
462,239,884,25
100,17,67,11
76,7,324,17
452,463,295,21
384,463,780,24
238,91,942,14
334,85,226,25
150,55,22,0
482,11,594,13
378,403,812,18
72,81,683,0
264,203,337,13
496,185,358,25
146,189,828,12
130,85,778,10
492,403,692,15
200,343,300,8
236,179,63,3
362,155,414,1
396,471,514,18
62,11,229,24
450,173,299,1
156,1,341,16
352,343,43,5
490,117,882,19
368,467,667,14
286,355,60,9
464,249,868,5
392,181,385,8
266,373,46,23
176,185,10,3
486,473,709,14
466,299,933,10
414,461,196,4
220,269,818,16
228,253,327,3
402,143,161,21
6,371,785,19
314,165,328,21
426,335,557,8
252,33,425,21
186,145,78,23
390,63,402,16
258,435,78,25
380,329,714,7
120,233,239,23
284,191,444,17
34,27,469,8
320,217,570,7
244,387,57,14
142,293,60,5
90,127,458,18
316,369,418,22
208,3,848,24
22,443,759,4
228,359,800,10
458,353,384,11
494,425,408,20
24,183,757,4
326,405,302,11
30,99,551,3
58,193,571,14
240,269,72,13
458,255,689,7
64,61,386,13
56,85,552,2
192,253,292,21
6,147,213,4
438,469,661,19
32,49,114,14
410,21,663,6
72,271,995,17
260,325,982,11
474,39,616,21
364,71,9,21
194,123,15,0
226,9,594,13
284,193,884,20
342,347,887,20
118,145,738,10
342,363,414,15
366,373,469,15
224,199,451,22
100,487,155,10
258,325,432,17
176,207,975,16
436,111,466,13
328,63,852,17
74,221,899,21
404,225,705,20
438,429,104,20
60,87,171,14
196,419,295,4
234,429,875,7
312,3,974,7
204,187,967,8
50,357,589,14
62,59,789,16
290,421,284,19
74,239,420,9
496,289,993,17
274,423,417,3
354,311,175,22
302,395,35,7
438,205,129,25
70,349,633,4
168,421,950,9
388,363,195,1
342,195,783,10
150,111,232,11
170,355,938,8
272,381,12,0
52,371,21,5
296,493,256,14
130,443,923,16
190,279,859,3
180,367,999,11
124,435,181,9
350,197,257,5
104,269,440,18
368,449,315,14
98,487,728,1
430,147,7,25
8,479,951,13
282,429,374,5
430,35,794,15
306,115,846,2
308,471,2,23
136,215,803,3
224,445,805,24
454,33,28,3
234,135,296,9
310,265,269,21
120,455,823,21
428,183,41,3
336,437,786,23
316,287,278,9
92,135,826,21
382,327,241,16
176,483,247,15
424,459,293,0
40,329,76,2
70,315,224,12
44,143,888,23
92,367,433,12
278,201,119,25
114,35,822,4
110,125,480,11
48,177,631,17
274,311,941,25
68,357,269,16
66,183,934,24
152,449,289,20
402,429,471,15
384,333,398,14
480,13,276,22
234,243,836,10
170,483,919,16
350,313,749,7
186,359,121,2
330,109,952,0
102,303,12,12
20,139,80,9
42,471,629,11
478,227,483,9
88,101,948,22
170,285,641,18
86,147,166,25
174,417,508,19
356,287,248,2
340,427,594,9
382,91,893,9
314,431,858,23
278,133,167,7
332,267,647,9
194,355,232,21
76,363,588,11
216,385,760,10
150,331,443,9
344,191,628,12
120,55,802,0
362,403,601,10
272,389,676,0
106,13,596,5
148,445,598,7
454,205,942,12
248,285,713,17
164,441,93,18
336,65,324,24
254,353,82,17
226,67,376,4
96,303,821,7
496,341,443,22
26,313,377,20
186,399,885,9
44,93,974,14
272,457,742,13
200,333,410,3
260,343,297,24
208,141,259,22
166,101,676,13
436,393,851,2
206,263,255,22
316,209,57,20
268,151,151,8
134,235,964,4
36,105,214,22
378,387,580,3
332,87,666,9
394,167,317,18
136,145,733,23
490,195,74,7
400,177,301,8
380,187,966,19
362,477,846,23
6,195,628,18
256,79,322,18
278,445,325,11
102,497,635,25
344,177,480,17
294,377,347,16
226,473,195,3
448,359,171,11
350,235,218,18
206,267,34,13
56,451,254,14
424,337,467,17
474,233,667,14
294,329,469,13
172,91,181,24
302,179,958,14
418,297,100,3
6,33,882,13
126,301,761,1
74,389,749,5
292,405,216,0
362,429,737,2
190,213,774,3
372,233,888,9
484,351,570,24
458,13,177,25
20,233,236,3
488,319,396,22
426,277,452,5
390,403,202,7
292,41,868,11
30,333,917,15
324,383,352,22
468,157,633,25
386,431,799,3
228,447,819,1
438,219,117,9
250,163,150,3
342,5,925,14
46,347,820,17
162,139,115,13
16,29,242,13
456,333,710,15
48,435,805,4
380,327,547,13
38,471,504,21
286,285,50,5
368,385,541,15
28,145,729,15
366,113,122,4
54,433,595,18
90,87,464,13
390,301,127,1
368,259,277,5
372,169,27,10
40,415,535,2
304,23,307,10
62,159,3,16
96,353,955,2
142,467,384,24
138,165,8,21
492,413,827,15
458,63,366,9
146,55,275,15
304,301,10,8
154,95,394,1
402,285,658,23
256,97,40,14
282,191,419,4
324,23,42,13
354,465,704,6
132,95,918,2
294,161,397,9
0,187,280,19
152,187,141,10
94,73,420,18
274,227,422,15
376,81,249,2
32,149,436,3
444,161,139,10
424,297,401,4
290,3,695,21
90,327,420,5
350,49,989,3
24,67,376,4
178,113,651,5
110,355,858,4
96,359,683,24
224,271,745,23
396,421,439,6
6,141,434,3
266,251,178,16
462,159,944,10
112,159,910,12
352,113,505,0
286,445,468,23
156,381,975,8
146,177,518,18
336,129,538,2
298,9,912,15
470,59,630,5
498,181,436,5
38,385,549,5
2,155,894,19
188,363,74,22
238,225,357,19
398,37,116,13
388,85,407,23
370,457,868,17
236,21,669,0
160,19,313,0
8,225,759,14
486,465,97,14
440,419,751,1
352,267,184,20
460,329,641,17
156,69,998,21
374,55,467,11
340,199,355,12
208,75,707,9
16,23,475,14
276,5,185,19
328,299,762,8
60,93,210,13
498,275,49,12
156,121,112,3
168,333,559,5
30,379,876,16
222,73,140,13
398,409,475,2
280,317,731,15
482,401,818,25
488,15,614,14
180,61,3,23
104,47,982,9
426,135,223,11
16,279,335,4
242,29,546,5
202,63,875,23
408,295,121,24
92,433,936,4
190,153,270,12
336,325,979,22
8,225,503,24
226,189,892,8
302,35,220,1
274,331,498,16
376,259,888,24
264,401,418,10
26,125,942,9
208,331,358,6
412,319,189,9
470,35,945,19
6,41,767,21
88,259,803,5
134,277,534,1
116,295,48,12
130,287,386,24
24,65,238,19
358,187,107,18
186,261,338,23
254,113,898,21
130,439,160,19
452,155,418,24
330,379,605,22
150,311,144,14
380,155,649,1
142,293,91,4
86,461,879,12
476,123,336,17
42,9,583,23
438,375,792,17
96,217,970,19
256,369,909,16
492,153,747,13
188,5,963,8
178,83,425,0
188,305,967,3
404,165,342,10
316,389,957,14
42,435,442,25
312,287,353,7
216,103,724,12
306,95,754,0
22,493,256,23
336,157,708,21
292,283,7,8
336,475,801,7
0,195,285,4
454,397,23,15
26,215,758,5
330,173,852,11
484,497,770,5
192,275,135,4
196,243,235,23
430,89,670,1
360,113,967,24
162,121,320,15
406,75,868,10
130,19,206,21
448,329,47,19
420,7,282,3
278,61,24,24
452,261,167,0
318,141,608,23
432,311,340,5
58,115,580,11
160,215,766,21
176,475,547,6
114,161,180,16
348,49,919,10
314,71,73,4
96,321,472,22
316,209,136,13
358,129,553,12
478,159,273,9
292,189,14,5
88,471,259,10
180,55,683,23
218,327,690,23
30,101,532,4
148,463,205,4
376,141,367,22
46,49,33,2
458,423,704,2
310,451,876,11
210,495,48,10
38,277,882,2
468,425,424,0
336,205,923,22
242,243,525,2
496,29,715,23
162,361,539,24
482,73,135,6
464,199,830,0
378,439,169,3
100,311,564,7
274,39,660,22
338,431,206,25
340,231,105,17
216,357,574,18
454,481,569,22
420,17,443,0
140,441,585,20
170,309,213,8
438,369,883,15
200,265,69,15
48,253,193,1
484,279,437,11
210,201,600,13
432,17,938,9
62,493,746,1
102,363,515,17
178,229,148,1
112,333,91,10
396,493,608,23
56,63,934,1
326,175,650,1
488,459,596,20
104,325,150,4
490,449,641,10
128,213,877,7
408,333,32,4
150,187,209,4
352,381,919,14
38,207,768,15
442,145,18,21
480,191,450,11
60,113,949,25
256,35,541,14
424,225,349,14
354,19,392,22
256,79,131,5
352,473,412,9
422,335,593,8
34,217,264,11
454,335,457,22
232,223,647,2
350,31,138,7
356,113,667,9
278,89,760,7
56,305,636,17
162,267,166,2
48,331,103,7
274,231,569,6
216,225,73,9
48,159,948,2
278,107,351,5
260,451,696,16
406,99,961,12
342,29,598,19
264,151,175,14
32,139,491,0
270,7,666,24
136,171,57,11
138,491,173,8
204,173,804,18
184,371,983,20
374,383,996,22
424,463,190,13
166,487,6,0
154,245,58,21
14,279,271,22
242,151,822,16
10,95,934,25
402,469,597,18
20,267,807,1
98,287,8,16
306,343,752,2
424,73,693,20
438,19,224,21
308,487,343,0
278,331,160,20
424,347,799,19
200,113,980,12
6,37,314,22
410,127,378,7
94,281,796,5
140,29,484,16
206,109,37,12
14,339,566,11
92,339,376,10
86,91,372,23
248,53,402,3
152,83,655,15
28,319,170,3
116,147,485,25
362,3,435,5
234,171,638,17
156,439,425,20
176,395,554,14
36,77,750,11
254,121,86,4
152,133,645,3
410,149,504,6
378,307,934,24
218,157,925,9
44,39,259,18
308,317,123,22
102,405,878,5
290,337,559,9
124,67,591,1
336,377,949,3
14,363,934,14
110,271,4,1
242,377,42,4
118,45,238,5
432,189,763,18
88,407,710,22
4,205,576,2
80,333,102,7
96,209,19,21
108,139,17,2
276,219,256,16
424,321,735,7
366,427,909,15
230,331,532,2
480,125,10,15
442,471,665,5
146,367,690,12
254,141,505,20
198,377,628,8
348,359,548,4
292,115,452,22
484,335,628,10
486,347,830,11
124,357,742,3
2,497,445,4
352,211,310,4
24,271,118,1
482,341,988,5
92,363,370,16
384,229,163,10
470,327,911,20
426,255,953,25
18,79,349,15
220,349,670,22
346,15,463,10
468,313,831,7
208,131,468,24
232,159,493,18
114,47,945,9
216,215,777,14
194,13,416,17
466,141,578,12
198,81,167,17
446,457,923,2
134,135,87,11
32,429,458,4
220,329,597,12
416,469,176,17
280,29,850,6
40,171,688,2
66,139,81,8
272,337,717,16
142,431,726,8
64,75,842,19
134,43,234,8
458,325,866,16
484,241,545,9
46,321,929,2
230,49,536,4
120,161,391,22
410,253,831,6
386,125,699,7
186,197,715,25
178,475,657,4
144,489,678,10
162,105,781,16
364,343,807,1
266,151,734,16
328,285,141,14
232,411,794,23
202,421,537,14
346,101,763,23
408,155,382,24
276,233,558,21
386,311,497,17
36,367,429,10
6,165,838,23
440,223,642,19
418,113,177,10
494,99,334,13
402,31,47,1
394,51,430,13
396,453,292,23
468,373,914,5
56,227,798,22
100,351,847,25
80,433,453,9
20,239,905,18
242,91,680,19
0,393,486,25
126,317,35,19
144,443,720,11
160,275,49,22
432,429,494,11
418,263,479,19
6,61,429,13
482,421,868,13
250,1,306,15
392,187,734,24
368,89,259,2
166,239,366,11
274,121,666,10
188,213,139,17
150,335,241,14
454,203,558,15
214,297,103,11
286,373,403,15
24,429,592,5
330,141,363,0
112,413,524,15
284,103,972,17
154,77,921,1
262,67,511,20
346,409,819,6
376,99,665,25
156,25,976,0
226,393,958,19
296,51,712,3
422,373,550,22
28,3,943,17
358,473,263,23
84,331,983,21
226,473,188,11
380,437,905,18
114,57,715,18
334,73,892,4
242,101,238,6
124,171,537,5
82,477,267,24
86,265,273,10
2,127,530,22
252,169,930,12
498,177,685,11
382,493,399,8
464,85,859,25
194,411,323,22
262,133,843,22
20,147,465,12
312,433,136,18
350,179,887,20
24,399,589,16
270,279,128,0
480,171,91,21
94,327,902,23
484,435,22,22
182,313,621,17
376,487,105,12
24,337,205,0
468,461,688,14
8,81,938,24
448,285,810,14
136,403,260,15
450,341,177,16
192,339,278,7
406,469,502,6
288,207,573,23
374,117,121,1
40,239,608,17
482,459,89,24
12,273,923,14
268,127,226,23
464,285,681,20
326,273,482,11
80,175,256,7
202,159,28,21
34,141,277,18
292,129,232,8
454,439,176,19
86,79,138,19
186,453,71,1
396,191,589,13
78,215,738,11
46,327,916,5
354,59,763,23
194,237,127,0
250,155,445,9
138,33,266,15
422,91,683,16
24,5,890,10
248,101,777,2
294,481,540,12
242,319,270,14
8,133,344,20
82,183,286,23
166,121,158,12
318,193,679,4
26,361,503,24
450,37,636,15
202,49,482,8
474,39,397,15
438,297,193,2
114,381,26,4
170,285,417,11
354,477,159,23
130,233,592,0
296,327,767,8
396,383,310,6
86,151,610,13
218,127,284,19
458,155,649,23
424,209,343,5
156,453,912,13
68,239,169,0
52,437,279,2
284,287,817,8
420,391,44,0
410,325,871,7
180,379,616,15
172,181,244,20
318,423,500,12
42,109,191,3
418,133,729,8
344,279,153,3
170,219,325,1
486,125,16,4
146,247,910,14
130,475,841,16
246,203,309,22
320,311,174,19
252,93,617,21
352,141,309,8
30,57,991,24
56,47,694,10
218,321,673,10
118,215,10,8
336,473,672,7
118,449,534,3
394,67,134,8
310,251,55,3
314,141,713,12
342,409,268,4
312,417,351,6
210,299,154,7
330,107,179,23
96,429,4,14
266,433,512,12
112,249,474,6
24,177,948,1
424,485,173,18
284,419,506,9
296,319,411,22
162,455,337,20
372,461,963,17
336,437,378,16
474,461,628,9
128,447,148,25
350,101,633,22
292,411,553,4
138,363,262,15
416,303,516,1
426,137,395,25
350,139,867,9
398,355,177,19
102,239,837,11
40,401,208,6
118,139,33,0
254,475,661,20
104,229,669,20
364,81,351,20
332,161,780,0
302,297,210,16
360,137,306,14
408,23,359,14
316,447,851,25
396,265,831,6
68,7,694,3
294,13,611,8
468,187,56,10
290,283,489,2
246,191,417,1
326,199,514,25
86,197,683,25
296,195,842,21
186,47,253,6
222,303,477,8
194,105,330,16
382,273,391,17
436,155,877,18
60,15,943,12
56,143,908,11
242,167,545,9
360,251,523,6
58,387,743,6
100,445,836,15
200,245,597,15
262,17,925,6
466,273,154,9
488,463,614,24
0,75,402,13
380,393,368,10
96,95,979,11
220,411,35,23
484,65,359,22
142,65,805,16
84,499,244,11
312,113,351,16
224,279,218,0
174,93,428,15
78,111,579,1
196,469,648,10
302,493,276,4
350,101,549,10
196,331,552,16
408,23,871,7
412,215,118,3
8,497,807,16
336,143,855,14
132,409,967,7
314,441,153,13
436,79,819,15
36,101,832,0
370,311,391,25
478,251,45,15
196,177,653,22
98,433,803,24
190,121,952,13
424,35,777,4
218,35,897,1
294,175,209,15
390,465,368,20
266,225,959,4
108,57,376,17
364,155,652,2
68,67,853,23
196,87,252,2
494,419,391,17
462,339,493,18
362,291,197,22
8,427,639,8
