Hormone,_c1,Organ
Progestogen,childOf,Steroids
Secosteroid,childOf,Steroids
Catecholomines,childOf,Catecholomines
Mineralcorticoid,childOf,Steroids
Androgen,childOf,Steroids
Peptide,childOf,Polypeptides
Estrogen,childOf,Steroids
Glucocorticoid,childOf,Steroids
Cyst and pseudocyst,isEtiologyOf,Other benign mass
Primary aldosteronism,isEtiologyOf,Adrenocortical adenoma or macronodular bilateral adrenal hyperplasia
Hemorrhage,isEtiologyOf,Other benign mass
Myelolipoma,isEtiologyOf,Other benign mass
Overt Cushing’s syndrome,isEtiologyOf,Adrenocortical adenoma or macronodular bilateral adrenal hyperplasia
Ganglioneuroma,isEtiologyOf,Other benign mass
Nonfunctioning,isEtiologyOf,Adrenocortical adenoma or macronodular bilateral adrenal hyperplasia
Mild autonomous cortisol  secretion,isEtiologyOf,Adrenocortical adenoma or macronodular bilateral adrenal hyperplasia
Schwannoma,isEtiologyOf,Other benign mass
Addison's disease,mayCauseUnderProductionOf,20beta-hydroxycortisol
Addison's disease,mayCauseUnderProductionOf,beta-cortolone
Addison's disease,mayCauseUnderProductionOf,Oestradiol
Addison's disease,mayCauseUnderProductionOf,"3alpha,11beta,18,21-tetrahydroxy-5beta-pregnan-20-one"
Addison's disease,mayCauseUnderProductionOf,"5beta-pregnane-11beta,17alpha,20beta,21-tetrol-3-one"
Addison's disease,mayCauseUnderProductionOf,Pregnenolone
Addison's disease,mayCauseUnderProductionOf,Aldosterone
Addison's disease,mayCauseUnderProductionOf,5alpha-Tetrahydrocortisol
Addison's disease,mayCauseUnderProductionOf,11-deoxycorticosterone
Addison's disease,mayCauseUnderProductionOf,5beta-Dihydrocorticosterone
Addison's disease,mayCauseUnderProductionOf,Tetrahydrocortisone
Addison's disease,mayCauseUnderProductionOf,18-oxo-dihydrocortisol
Addison's disease,mayCauseUnderProductionOf,5alpha-Dihydrocorticosterone
Addison's disease,mayCauseUnderProductionOf,Pregnanetriolone
Addison's disease,mayCauseUnderProductionOf,20alpha-Hydroxycortisol
Addison's disease,mayCauseUnderProductionOf,"5alpha-pregnane-3,20-dione"
Addison's disease,mayCauseUnderProductionOf,18-oxo-tetrahydrocortisol
Addison's disease,mayCauseUnderProductionOf,11-Ketoetiocholanolone
Addison's disease,mayCauseUnderProductionOf,20beta-Dihydrocortisone
Addison's disease,mayCauseUnderProductionOf,22R-Hydroxycholesterol
Addison's disease,mayCauseUnderProductionOf,"11b, 21-Dihydroxy-3,20-5b-Pregnan-18-al"
Addison's disease,mayCauseUnderProductionOf,17-hydroxypregnenolone
Addison's disease,mayCauseUnderProductionOf,Cortolic acid
Addison's disease,mayCauseUnderProductionOf,17-hydroxyprogesterone
Addison's disease,mayCauseUnderProductionOf,Pregnenediol b
Addison's disease,mayCauseUnderProductionOf,Dihydrotestosterone
Addison's disease,mayCauseUnderProductionOf,Tetrahydroaldosterone
Addison's disease,mayCauseUnderProductionOf,3a-OH-5b-Pregnane-20-one
Addison's disease,mayCauseUnderProductionOf,"20R,22R-dihydroxycholesterol"
Addison's disease,mayCauseUnderProductionOf,18-oxocortisol
Addison's disease,mayCauseUnderProductionOf,11-Dehydrocorticosterone
Addison's disease,mayCauseUnderProductionOf,Cortisone
Addison's disease,mayCauseUnderProductionOf,Pregnanediol-3-glucuronide
Addison's disease,mayCauseUnderProductionOf,5alpha-Dihydrocortisol
Addison's disease,mayCauseUnderProductionOf,beta-cortolonic acid
Addison's disease,mayCauseUnderProductionOf,Progesterone
Addison's disease,mayCauseUnderProductionOf,alpha-cortolone
Addison's disease,mayCauseUnderProductionOf,18-hydroxycorticosterone
Addison's disease,mayCauseUnderProductionOf,20alpha-Hydroxyprogesterone
Addison's disease,mayCauseUnderProductionOf,21-Deoxycortisone
Addison's disease,mayCauseUnderProductionOf,20alpha-Dihydrocortisone
Addison's disease,mayCauseUnderProductionOf,"5beta-pregnane-17alpha,20alpha,21-triol-3,11-dione"
Addison's disease,mayCauseUnderProductionOf,18-Hydroxy-11-dehydrotetrahydrocorticosterone
Addison's disease,mayCauseUnderProductionOf,3alpha-hydroxy-5beta-pregnan-20-one
Addison's disease,mayCauseUnderProductionOf,Testosterone
Addison's disease,mayCauseUnderProductionOf,"5beta-pregnane-17alpha,20beta,21-triol-3,11-dione"
Addison's disease,mayCauseUnderProductionOf,21-deoxycortisol
Addison's disease,mayCauseUnderProductionOf,Tetrahydrocorticosterone
Addison's disease,mayCauseUnderProductionOf,5beta-Dihydroaldosterone
Addison's disease,mayCauseUnderProductionOf,Pregnanediol
Addison's disease,mayCauseUnderProductionOf,alpha-Cortol
Addison's disease,mayCauseUnderProductionOf,"17alpha-hydroxy-5beta-Pregnane-3,11,20-trione"
Addison's disease,mayCauseUnderProductionOf,beta-cortolic acid
Addison's disease,mayCauseUnderProductionOf,Allotetrahydrocorticosterone
Addison's disease,mayCauseUnderProductionOf,Glucuronides
Addison's disease,mayCauseUnderProductionOf,5beta-dihydrocortisol
Addison's disease,mayCauseUnderProductionOf,"3a,11b,21-Trihydroxy-20-Oxo-5b-Pregnan-18-al"
Addison's disease,mayCauseUnderProductionOf,Cortisol
Addison's disease,mayCauseUnderProductionOf,11beta-Hydroxyetiocholanolone
Addison's disease,mayCauseUnderProductionOf,"4,5beta-Dihydrocortisone"
Addison's disease,mayCauseUnderProductionOf,Cortolonic acid
Addison's disease,mayCauseUnderProductionOf,Isoprogesterone
Addison's disease,mayCauseUnderProductionOf,"4-Pregnene-17alpha,20alpha-diol-3,11-dione"
Addison's disease,mayCauseUnderProductionOf,Tetrahydrocortisol
Addison's disease,mayCauseUnderProductionOf,5beta-dihydrodeoxycorticosterone
Addison's disease,mayCauseUnderProductionOf,"11β,18,21-trihydroxy-5β-pregnan-3,20-dione"
Addison's disease,mayCauseUnderProductionOf,"5beta-Pregnane-17alpha,20alpha-diol-3,11-dione"
Addison's disease,mayCauseUnderProductionOf,Corticosterone
Addison's disease,mayCauseUnderProductionOf,18-hydroxycortisol
Addison's disease,mayCauseUnderProductionOf,11-Deoxycortisol
Addison's disease,mayCauseUnderProductionOf,"11b,17a 21-Trihydroxy-5bPregnane 3,20-dione"
Addison's disease,mayCauseUnderProductionOf,beta-cortol
Addison's disease,mayCauseUnderProductionOf,Dehydroepiandrosterone
Addison's disease,mayCauseUnderProductionOf,Androstenedione
Addison's disease,mayCauseUnderProductionOf,"5beta-Pregnane-3alpha,17alpha-diol-11,20-dione"
Addison's disease,mayCauseUnderProductionOf,Aldosterone 18-glucuronide
Addison's disease,mayCauseUnderProductionOf,Pregnenetriol
Addison's disease,mayCauseUnderProductionOf,"5beta-pregnane-3,20-dione"
Progesterone,secretedBy,Adrenal cortex
norepinephrine,secretedBy,Adrenal medulla
dopamine,secretedBy,Substantia nigra
dopamine,secretedBy,Ventral Tegmental Area
Chromaffin cells,partOf,Adrenal medulla
L cells,partOf,Ileum
Pancreatic β-cells,partOf,Islets of Langerhans
Lactotrophs of anterior pituitary,partOf,Anterior pituatory
Zona fasciculata,partOf,Adrenal cortex
Thyrotropes,partOf,Anterior pituatory
PP cells,partOf,Islets of Langerhans
Thyroid follicular cell,partOf,Peripheral tissue
Beta cells of Islets of Langerhans,partOf,Islets of Langerhans
Cardiac myocytes,partOf,Cardiac muscle
Parathyroid chief cell,partOf,Parathyroid
Parvocellular neurosecretory neurons,partOf,Posteria pituatory
Alpha cells of Islets of Langerhans,partOf,Islets of Langerhans
Zona glomerulosa,partOf,Adrenal cortex
Zona reticularis,partOf,Adrenal cortex
Myocytes,partOf,Muscle
Magnocellular neurosecretory cells,partOf,Posteria pituatory
Delta cells in islets,partOf,Islets of Langerhans
Adipocytes,partOf,Adipose tissue
Somatotropes,partOf,Anterior pituatory
Parafollicular cell,partOf,Thyroid
Corticotrope,partOf,Anterior pituatory
Neuroendocrince cells,partOf,Periventricular nucleus
Gonadotropes,partOf,Anterior pituatory
Tetrahydrocortisone,childOf,Glucocorticoid
Allotetrahydrocortisone,childOf,Glucocorticoid
Dehydroepiandrosterone,childOf,Androgen
Dexamethasone,childOf,Glucocorticoid
Dihydrotestosterone,childOf,Androgen
Androstenedione,childOf,Androgen
Calcitriol,childOf,Secosteroid
Testosterone,childOf,Androgen
Cortisol,childOf,Glucocorticoid
18-oxocortisol,childOf,Glucocorticoid
Cortisone,childOf,Glucocorticoid
11-Deoxycortisol,childOf,Mineralcorticoid
11-deoxycorticosterone,childOf,Mineralcorticoid
21-deoxycortisol,childOf,Glucocorticoid
17-hydroxyprogesterone,childOf,Progestogen
Tetrahydroaldosterone,childOf,Mineralcorticoid
Aldosterone,childOf,Mineralcorticoid
Corticosterone,childOf,Glucocorticoid
Estriol,childOf,Estrogen
Estrone,childOf,Estrogen
Estradiol,childOf,Estrogen
Progesterone,childOf,Progestogen
18-hydroxycortisol,childOf,Glucocorticoid
Allo-Tetrahydrocortisol,childOf,Glucocorticoid
Tetrahydrocortisol,childOf,Glucocorticoid
18-hydroxycorticosterone,childOf,Mineralcorticoid
Calcidiol,childOf,Secosteroid
Dehydroepiandrosterone sulfate,childOf,Androgen
Epitestosterone,childOf,Androgen
Jejunum,partOf,Small Intestine
Gastric Mucosa,partOf,Stomach
Substantia nigra,partOf,Brain
Islets of Langerhans,partOf,Pancreas
Adrenal cortex,partOf,Adrenal Gland
Thyroid,partOf,Thyroid
Ileum,partOf,Small Intestine
Ventral Tegmental Area,partOf,Brain
Periventricular nucleus,partOf,Hypthalamus
Posteria pituatory,partOf,Pituitary gland
Anterior pituatory,partOf,Pituitary gland
Corpus luteum,partOf,Ovary
Peripheral tissue,partOf,Thyroid
Pars intermedia,partOf,Pituitary gland
Suprachiasmatic nuclei,partOf,Hypthalamus
Small Intestine Mucosa,partOf,Small Intestine
Parathyroid,partOf,Thyroid
Cerebral cortex,partOf,Skin
Adrenal medulla,partOf,Adrenal Gland
Cardiac muscle,partOf,Heart
Progesterone,isPrecursorToName,20alpha-Hydroxyprogesterone
Aldosterone,isPrecursorToName,"11b, 21-Dihydroxy-3,20-5b-Pregnan-18-al"
"5beta-pregnan-21-ol-3,11,20-trione",isPrecursorToName,Dehydroepiandrosterone
"5beta-pregnan-21-ol-3,11,20-trione",isPrecursorToName,epinephrine
"5beta-pregnan-21-ol-3,11,20-trione",isPrecursorToName,NADPH
"5beta-pregnan-21-ol-3,11,20-trione",isPrecursorToName,"5beta-Pregnane-3alpha,17alpha-diol-11,20-dione"
"5beta-pregnan-21-ol-3,11,20-trione",isPrecursorToName,"5beta-pregnane-11beta,17alpha,20beta,21-tetrol-3-one"
"5beta-Pregnane-3alpha,17alpha-diol-11,20-dione",isPrecursorToName,Cortolonic acid
20alpha-Dihydrocortisone,isPrecursorToName,"5beta-pregnane-17alpha,20alpha,21-triol-3,11-dione"
"5beta-pregnan-21-ol-3,11,20-trione",isPrecursorToName,Calcitriol
"5beta-pregnan-21-ol-3,11,20-trione",isPrecursorToName,Estrone
"5beta-pregnan-21-ol-3,11,20-trione",isPrecursorToName,Epitestosterone
"5beta-pregnan-21-ol-3,11,20-trione",isPrecursorToName,18-hydroxycortisol
Corticosterone,isPrecursorToName,5alpha-Dihydrocorticosterone
Progesterone,isPrecursorToName,"5beta-pregnane-3,20-dione"
"5beta-pregnan-21-ol-3,11,20-trione",isPrecursorToName,22R-Hydroxycholesterol
Pregnenolone,isPrecursorToName,17-hydroxypregnenolone
21-Deoxycortisone,isPrecursorToName,"4-Pregnene-17alpha,20alpha-diol-3,11-dione"
"5beta-pregnane-3,20-dione",isPrecursorToName,3alpha-hydroxy-5beta-pregnan-20-one
"5beta-pregnan-21-ol-3,11,20-trione",isPrecursorToName,beta-cortolone
"5beta-pregnan-21-ol-3,11,20-trione",isPrecursorToName,"20R,22R-dihydroxycholesterol"
22R-Hydroxycholesterol,isPrecursorToName,"20R,22R-dihydroxycholesterol"
"5beta-pregnan-21-ol-3,11,20-trione",isPrecursorToName,5beta-dihydrocortisol
"5beta-pregnan-21-ol-3,11,20-trione",isPrecursorToName,Cortolonic acid
Cortisol,isPrecursorToName,18-hydroxycortisol
11-deoxycorticosterone,isPrecursorToName,Corticosterone
Androstenedione,isPrecursorToName,Testosterone
"5beta-pregnan-21-ol-3,11,20-trione",isPrecursorToName,3alpha-hydroxy-5beta-pregnan-20-one
"5beta-pregnan-21-ol-3,11,20-trione",isPrecursorToName,"4-Pregnene-17alpha,20alpha-diol-3,11-dione"
"5beta-pregnan-21-ol-3,11,20-trione",isPrecursorToName,18-oxo-tetrahydrocortisol
"5beta-pregnan-21-ol-3,11,20-trione",isPrecursorToName,21-deoxycortisol
Testosterone,isPrecursorToName,Oestradiol
18-hydroxycorticosterone,isPrecursorToName,"11β,18,21-trihydroxy-5β-pregnan-3,20-dione"
"5beta-pregnan-21-ol-3,11,20-trione",isPrecursorToName,21-Deoxycortisone
17-hydroxypregnenolone,isPrecursorToName,Dehydroepiandrosterone
5alpha-Dihydrocorticosterone,isPrecursorToName,Allotetrahydrocorticosterone
"5beta-pregnan-21-ol-3,11,20-trione",isPrecursorToName,Urocortisone
"5beta-pregnan-21-ol-3,11,20-trione",isPrecursorToName,NADP+
"5beta-pregnan-21-ol-3,11,20-trione",isPrecursorToName,Cortisol
"5beta-pregnan-21-ol-3,11,20-trione",isPrecursorToName,(R)20-hydroxy-steroid Dh
17-hydroxyprogesterone,isPrecursorToName,Androstenedione
Cortisol,isPrecursorToName,20beta-hydroxycortisol
17-hydroxyprogesterone,isPrecursorToName,17-hydroxypregnenolone
Tetrahydrocortisol,isPrecursorToName,beta-cortol
Cortisol,isPrecursorToName,Glucuronides
"5beta-pregnan-21-ol-3,11,20-trione",isPrecursorToName,Dihydrotestosterone
"5beta-pregnan-21-ol-3,11,20-trione",isPrecursorToName,Androstenedione
"5beta-pregnan-21-ol-3,11,20-trione",isPrecursorToName,"4,5beta-Dihydrocortisone"
5beta-Dihydroaldosterone,isPrecursorToName,Tetrahydroaldosterone
Cortisol,isPrecursorToName,"5beta-pregnane-3,20-dione"
18-oxocortisol,isPrecursorToName,18-oxo-dihydrocortisol
Cortisol,isPrecursorToName,5alpha-Dihydrocortisol
Tetrahydrocortisol,isPrecursorToName,11beta-Hydroxyetiocholanolone
11-deoxycorticosterone,isPrecursorToName,5beta-dihydrodeoxycorticosterone
"5beta-pregnan-21-ol-3,11,20-trione",isPrecursorToName,Cortisone
17-hydroxypregnenolone,isPrecursorToName,17-hydroxyprogesterone
"5beta-pregnan-21-ol-3,11,20-trione",isPrecursorToName,Pregnanediol
"5beta-pregnan-21-ol-3,11,20-trione",isPrecursorToName,Testosterone
"20R,22R-dihydroxycholesterol",isPrecursorToName,Pregnenolone
Aldosterone,isPrecursorToName,Aldosterone 18-glucuronide
18-hydroxycortisol,isPrecursorToName,18-oxocortisol
"5beta-pregnan-21-ol-3,11,20-trione",isPrecursorToName,Cortolone
"5beta-pregnan-21-ol-3,11,20-trione",isPrecursorToName,Pregnenediol b
20beta-Dihydrocortisone,isPrecursorToName,"5beta-pregnane-17alpha,20beta,21-triol-3,11-dione"
"5beta-pregnane-17alpha,20beta,21-triol-3,11-dione",isPrecursorToName,beta-cortolone
21-Deoxycortisone,isPrecursorToName,21-deoxycortisol
"5beta-pregnan-21-ol-3,11,20-trione",isPrecursorToName,Allo-Tetrahydrocortisol
"5beta-pregnan-21-ol-3,11,20-trione",isPrecursorToName,17-hydroxypregnenolone
Progesterone,isPrecursorToName,11-deoxycorticosterone
Corticosterone,isPrecursorToName,5beta-Dihydrocorticosterone
Cortisone,isPrecursorToName,Cortisol
"17alpha-hydroxy-5beta-Pregnane-3,11,20-trione",isPrecursorToName,"5beta-Pregnane-3alpha,17alpha-diol-11,20-dione"
Pregnanediol,isPrecursorToName,Glucuronides
Urocortisone,isPrecursorToName,Glucuronides
"5beta-pregnan-21-ol-3,11,20-trione",isPrecursorToName,5alpha-Dihydrocortisol
"5beta-pregnan-21-ol-3,11,20-trione",isPrecursorToName,Estradiol
"4,5beta-Dihydrocortisone",isPrecursorToName,Tetrahydrocortisone
"5beta-pregnan-21-ol-3,11,20-trione",isPrecursorToName,Glucuronides
"3alpha,11beta,18,21-tetrahydroxy-5beta-pregnan-20-one",isPrecursorToName,18-Hydroxy-11-dehydrotetrahydrocorticosterone
"5beta-pregnan-21-ol-3,11,20-trione",isPrecursorToName,20alpha-Hydroxycortisol
"11b, 21-Dihydroxy-3,20-5b-Pregnan-18-al",isPrecursorToName,"3a,11b,21-Trihydroxy-20-Oxo-5b-Pregnan-18-al"
"5beta-pregnan-21-ol-3,11,20-trione",isPrecursorToName,17-hydroxyprogesterone
"5beta-pregnan-21-ol-3,11,20-trione",isPrecursorToName,Dehydroepiandrosterone sulfate
Aldosterone,isPrecursorToName,5beta-Dihydroaldosterone
Tetrahydrocortisol,isPrecursorToName,Cortisol
Cortisol,isPrecursorToName,5beta-dihydrocortisol
"5beta-pregnan-21-ol-3,11,20-trione",isPrecursorToName,"3a,11b,21-Trihydroxy-20-Oxo-5b-Pregnan-18-al"
"5beta-pregnan-21-ol-3,11,20-trione",isPrecursorToName,norepinephrine
"5beta-pregnan-21-ol-3,11,20-trione",isPrecursorToName,"11b, 21-Dihydroxy-3,20-5b-Pregnan-18-al"
11-Dehydrocorticosterone,isPrecursorToName,Corticosterone
"5beta-Pregnane-3alpha,17alpha-diol-11,20-dione",isPrecursorToName,Pregnanetriolone
"5beta-pregnan-21-ol-3,11,20-trione",isPrecursorToName,beta-cortol
"5beta-pregnan-21-ol-3,11,20-trione",isPrecursorToName,alpha-Cortol
"5beta-pregnan-21-ol-3,11,20-trione",isPrecursorToName,"5beta-pregnane-17alpha,20alpha,21-triol-3,11-dione"
Cholesterol,isPrecursorToName,22R-Hydroxycholesterol
5beta-dihydrocortisol,isPrecursorToName,Tetrahydrocortisol
"5beta-pregnan-21-ol-3,11,20-trione",isPrecursorToName,Pregnenetriol
"4-Pregnene-17alpha,20alpha-diol-3,11-dione",isPrecursorToName,"5beta-Pregnane-17alpha,20alpha-diol-3,11-dione"
Cortisol,isPrecursorToName,Cortisone
Tetrahydrocortisol,isPrecursorToName,Glucuronides
Cortisone,isPrecursorToName,20alpha-Dihydrocortisone
Cortisone,isPrecursorToName,20beta-Dihydrocortisone
"5beta-pregnan-21-ol-3,11,20-trione",isPrecursorToName,beta-cortolonic acid
"5beta-pregnan-21-ol-3,11,20-trione",isPrecursorToName,20beta-Dihydrocortisone
"5beta-pregnan-21-ol-3,11,20-trione",isPrecursorToName,"3alpha,21-dihydroxy-5beta-pregnane-11,20-dione"
Testosterone,isPrecursorToName,Dihydrotestosterone
Progesterone,isPrecursorToName,"5alpha-pregnane-3,20-dione"
Tetrahydrocortisol,isPrecursorToName,Cortolic acid
17-hydroxyprogesterone,isPrecursorToName,11-Deoxycortisol
Corticosterone,isPrecursorToName,18-hydroxycorticosterone
Cortolone,isPrecursorToName,Glucuronides
"5beta-pregnan-21-ol-3,11,20-trione",isPrecursorToName,11-Ketoetiocholanolone
Pregnenolone,isPrecursorToName,Progesterone
Urocortisone,isPrecursorToName,Cortolone
"5beta-pregnan-21-ol-3,11,20-trione",isPrecursorToName,dopamine
"5beta-pregnan-21-ol-3,11,20-trione",isPrecursorToName,Allopregnanolone
NADP+,isPrecursorToName,NADPH
"5beta-pregnane-3,20-dione",isPrecursorToName,3a-OH-5b-Pregnane-20-one
"5beta-pregnan-21-ol-3,11,20-trione",isPrecursorToName,Pregnenolone
17-hydroxypregnenolone,isPrecursorToName,Pregnenetriol
"5beta-pregnan-21-ol-3,11,20-trione",isPrecursorToName,Tetrahydrocortisone
Cortisone,isPrecursorToName,"4,5beta-Dihydrocortisone"
17-hydroxyprogesterone,isPrecursorToName,21-deoxycortisol
Corticosterone,isPrecursorToName,11-Dehydrocorticosterone
"5beta-pregnan-21-ol-3,11,20-trione",isPrecursorToName,"5alpha-pregnane-3,20-dione"
"5beta-pregnan-21-ol-3,11,20-trione",isPrecursorToName,11-Deoxycortisol
"5beta-pregnan-21-ol-3,11,20-trione",isPrecursorToName,20alpha-Dihydrocortisone
"11b,17a 21-Trihydroxy-5bPregnane 3,20-dione",isPrecursorToName,Tetrahydrocortisol
"5beta-pregnan-21-ol-3,11,20-trione",isPrecursorToName,11beta-HSD2
Pregnanediol,isPrecursorToName,Pregnanediol-3-glucuronide
"5beta-pregnan-21-ol-3,11,20-trione",isPrecursorToName,Estriol
"5beta-pregnan-21-ol-3,11,20-trione",isPrecursorToName,18-oxo-dihydrocortisol
18-oxo-dihydrocortisol,isPrecursorToName,18-oxo-tetrahydrocortisol
"5beta-pregnan-21-ol-3,11,20-trione",isPrecursorToName,5alpha-Tetrahydrocortisol
"5beta-pregnan-21-ol-3,11,20-trione",isPrecursorToName,beta-cortolic acid
Cholesterol,isPrecursorToName,Pregnenolone
Tetrahydrocortisone,isPrecursorToName,11-Ketoetiocholanolone
11-Deoxycortisol,isPrecursorToName,Cortisol
Cortisol,isPrecursorToName,"11b,17a 21-Trihydroxy-5bPregnane 3,20-dione"
20beta-hydroxycortisol,isPrecursorToName,"5beta-pregnane-11beta,17alpha,20beta,21-tetrol-3-one"
5beta-dihydrodeoxycorticosterone,isPrecursorToName,Tetrahydrodeoxycorticosterone
"5beta-pregnan-21-ol-3,11,20-trione",isPrecursorToName,Cholesterol
"5beta-Pregnane-17alpha,20alpha-diol-3,11-dione",isPrecursorToName,Pregnanetriolone
"5beta-pregnan-21-ol-3,11,20-trione",isPrecursorToName,Isoprogesterone
"5beta-pregnan-21-ol-3,11,20-trione",isPrecursorToName,"5beta-pregnane-17alpha,20beta,21-triol-3,11-dione"
"5beta-pregnan-21-ol-3,11,20-trione",isPrecursorToName,Pregnanetriolone
18-hydroxycorticosterone,isPrecursorToName,Aldosterone
21-deoxycortisol,isPrecursorToName,21-Deoxycortisone
Progesterone,isPrecursorToName,17-hydroxyprogesterone
Tetrahydrocortisol,isPrecursorToName,alpha-Cortol
"5beta-pregnan-21-ol-3,11,20-trione",isPrecursorToName,"5beta-Pregnane-17alpha,20alpha-diol-3,11-dione"
"5beta-pregnan-21-ol-3,11,20-trione",isPrecursorToName,20alpha-Hydroxyprogesterone
5alpha-Dihydrocortisol,isPrecursorToName,5alpha-Tetrahydrocortisol
"5beta-Pregnane-17alpha,20alpha-diol-3,11-dione",isPrecursorToName,Cortolonic acid
"5beta-pregnan-21-ol-3,11,20-trione",isPrecursorToName,alpha-cortolone
3alpha-hydroxy-5beta-pregnan-20-one,isPrecursorToName,Pregnanediol
"5beta-pregnan-21-ol-3,11,20-trione",isPrecursorToName,17-beta-HSD3
"5beta-pregnan-21-ol-3,11,20-trione",isPrecursorToName,Oestradiol
Tetrahydrocortisone,isPrecursorToName,Cortolonic acid
Cortisol,isPrecursorToName,20alpha-Hydroxycortisol
Dehydroepiandrosterone,isPrecursorToName,Androstenedione
Tetrahydrocortisol,isPrecursorToName,beta-cortolic acid
"5beta-pregnane-11beta,17alpha,20beta,21-tetrol-3-one",isPrecursorToName,beta-cortol
"5beta-pregnan-21-ol-3,11,20-trione",isPrecursorToName,20beta-hydroxycortisol
5beta-Dihydrocorticosterone,isPrecursorToName,Tetrahydrocorticosterone
"5beta-pregnan-21-ol-3,11,20-trione",isPrecursorToName,Allotetrahydrocortisone
"5beta-pregnane-17alpha,20alpha,21-triol-3,11-dione",isPrecursorToName,alpha-cortolone
"5beta-pregnan-21-ol-3,11,20-trione",isPrecursorToName,Calcidiol
"5beta-pregnan-21-ol-3,11,20-trione",isPrecursorToName,"11b,17a 21-Trihydroxy-5bPregnane 3,20-dione"
"5beta-pregnan-21-ol-3,11,20-trione",isPrecursorToName,11beta-HSD1
21-Deoxycortisone,isPrecursorToName,"17alpha-hydroxy-5beta-Pregnane-3,11,20-trione"
3a-OH-5b-Pregnane-20-one,isPrecursorToName,Pregnanediol
Tetrahydrocortisone,isPrecursorToName,Pregnanetriolone
Tetrahydrocortisone,isPrecursorToName,beta-cortolonic acid
"5beta-pregnan-21-ol-3,11,20-trione",isPrecursorToName,Dexamethasone
"5beta-pregnan-21-ol-3,11,20-trione",isPrecursorToName,18-oxocortisol
Pregnenolone,isPrecursorToName,Pregnenediol b
Isoprogesterone,isPrecursorToName,Progesterone
"5beta-pregnan-21-ol-3,11,20-trione",isPrecursorToName,Cortolic acid
"3a,11b,21-Trihydroxy-20-Oxo-5b-Pregnan-18-al",isPrecursorToName,Glucuronides
"5beta-pregnan-21-ol-3,11,20-trione",isPrecursorToName,3a-OH-5b-Pregnane-20-one
"5beta-pregnan-21-ol-3,11,20-trione",isPrecursorToName,"17alpha-hydroxy-5beta-Pregnane-3,11,20-trione"
"5beta-pregnan-21-ol-3,11,20-trione",isPrecursorToName,Pregnanediol-3-glucuronide
"5beta-pregnan-21-ol-3,11,20-trione",isPrecursorToName,11beta-Hydroxyetiocholanolone
"5beta-pregnan-21-ol-3,11,20-trione",isPrecursorToName,Tetrahydrocortisol
"5beta-pregnan-21-ol-3,11,20-trione",isPrecursorToName,"5beta-pregnane-3,20-dione"
Pregnenolone,isPrecursorToName,Isoprogesterone
"11β,18,21-trihydroxy-5β-pregnan-3,20-dione",isPrecursorToName,"3alpha,11beta,18,21-tetrahydroxy-5beta-pregnan-20-one"
Estradiol,secretedBy,Adrenal Gland
dopamine,secretedBy,Gastro Intest
norepinephrine,secretedBy,Brain
Epitestosterone,secretedBy,Ovary
Estriol,secretedBy,Placenta
Testosterone,secretedBy,Adrenal Gland
17-hydroxyprogesterone,secretedBy,Ovary
dopamine,secretedBy,Hypthalamus
Estrone,secretedBy,Adrenal Gland
Estradiol,secretedBy,Ovary
Estrone,secretedBy,Ovary
Estrone,secretedBy,Testes
Epitestosterone,secretedBy,Adrenal Gland
Estradiol,secretedBy,Testes
17-hydroxyprogesterone,secretedBy,Testes
17-hydroxyprogesterone,secretedBy,Placenta
Progesterone,secretedBy,Testes
norepinephrine,secretedBy,Nervous system
Progesterone,secretedBy,Ovary
Epitestosterone,secretedBy,Testes
Cortisol,secretedBy,Zona fasciculata
18-hydroxycorticosterone,secretedBy,Zona glomerulosa
Dehydroepiandrosterone,secretedBy,Theca cells
Corticosterone,secretedBy,Zona glomerulosa
Testosterone,secretedBy,Leydig cells
Estriol,secretedBy,Leydig cells
18-hydroxycortisol,secretedBy,Zona glomerulosa
Dehydroepiandrosterone,secretedBy,Leydig cells
Androstenedione,secretedBy,Leydig cells
11-Deoxycortisol,secretedBy,Zona fasciculata
Testosterone,secretedBy,Theca cells
18-hydroxycortisol,secretedBy,Zona fasciculata
Dehydroepiandrosterone,secretedBy,Zona reticularis
Progesterone,secretedBy,Leydig cells
17-hydroxyprogesterone,secretedBy,Zona fasciculata
21-deoxycortisol,secretedBy,Zona fasciculata
epinephrine,secretedBy,Chromaffin cells
Androstenedione,secretedBy,Theca cells
Aldosterone,secretedBy,Zona glomerulosa
Androstenedione,secretedBy,Zona reticularis
Cortisone,secretedBy,Zona fasciculata
Dehydroepiandrosterone sulfate,secretedBy,Zona reticularis
18-oxocortisol,secretedBy,Zona glomerulosa
